e8,0,2a3
e8,1,2a4
e8,2,2a5
e8,3,2a6
e8,4,111
e8,5,112
e8,6,113
e8,7,114
e8,8,115
e8,9,116
e8,10,117
e8,11,118
e8,12,119
e8,13,11a
e8,14,11b
e8,15,11c
e8,16,11d
e8,17,11e
e8,18,11f
e8,19,120
e8,20,121
e8,21,122
e8,22,123
e8,23,124
e8,24,125
e8,25,126
e8,26,127
e8,27,128
e8,28,129
e8,29,12a
e8,30,12b
e8,31,12c
e8,32,12d
e8,33,12e
e8,34,12f
e8,35,130
e8,36,131
e8,37,132
e8,38,133
e8,39,134
e8,40,135
e8,41,136
e8,42,137
e8,43,138
e8,44,139
e8,45,13a
e8,46,13b
e8,47,13c
e8,48,13d
e8,49,13e
e8,50,13f
e8,51,140
e8,52,161
e8,53,162
e8,54,163
e8,55,164
e8,56,165
e8,57,166
e8,58,167
e8,59,168
e8,60,169
e8,61,16a
e8,62,16b
e8,63,16c
e8,64,16d
e8,65,16e
e8,66,16f
e8,67,170
e8,68,171
e8,69,172
e8,70,173
e8,71,174
e8,72,175
e8,73,176
e8,74,177
e8,75,178
e8,76,179
e8,77,17a
e8,78,17b
e8,79,17c
e8,80,17d
e8,81,17e
e8,82,17f
e8,83,180
e8,84,181
e8,85,182
e8,86,183
e8,87,184
e8,88,185
e8,89,186
e8,90,187
e8,91,188
e8,92,189
e8,93,18a
e8,94,18b
e8,95,18c
e8,96,18d
e8,97,18e
e8,98,18f
e8,99,190
e8,100,191
e8,101,192
e8,102,193
e8,103,194
e8,104,195
e8,105,196
e8,106,197
e8,107,198
e8,108,199
e8,109,19a
e8,110,19b
e8,111,19c
e8,112,19d
e8,113,19e
e8,114,19f
e8,115,1a0
e8,116,601
e8,117,602
e8,118,603
e8,119,604
e8,120,605
e8,121,606
e8,122,607
e8,123,608
e8,124,609
e8,125,60a
e8,126,60b
e8,127,60c
e8,128,60d
e8,129,60e
e8,130,60f
e8,131,610
e8,132,611
e8,133,612
e8,134,613
e8,135,614
e8,136,615
e8,137,616
e8,138,617
e8,139,618
e8,140,619
e8,141,61a
e8,142,61b
e8,143,61c
e8,144,61d
e8,145,61e
e8,146,61f
e8,147,620
e8,148,621
e8,149,622
e8,150,623
e8,151,624
e8,152,625
e8,153,626
e8,154,627
e8,155,628
e8,156,629
e8,157,62a
e8,158,62b
e8,159,62c
e8,160,62d
e8,161,62e
e8,162,62f
e8,163,630
e8,164,631
e8,165,632
e8,166,633
e8,167,634
e8,168,635
e8,169,636
e8,170,637
e8,171,638
e8,172,639
e8,173,63a
e8,174,63b
e8,175,63c
e8,176,63d
e8,177,63e
e8,178,63f
e8,179,640
e8,180,641
e8,181,642
e8,182,643
e8,183,644
e8,184,645
e8,185,646
e8,186,647
e8,187,648
e8,188,649
e8,189,64a
e8,190,64b
e8,191,64c
e8,192,64d
e8,193,64e
e8,194,64f
e8,195,650
e8,196,651
e8,197,652
e8,198,653
e8,199,654
e8,200,655
e8,201,656
e8,202,657
e8,203,658
e8,204,659
e8,205,65a
e8,206,65b
e8,207,65c
e8,208,65d
e8,209,65e
e8,210,65f
e8,211,660
e8,212,661
e8,213,662
e8,214,663
e8,215,664
e8,216,665
e8,217,666
e8,218,667
e8,219,668
e8,220,669
e8,221,66a
e8,222,66b
e8,223,66c
e8,224,66d
e8,225,66e
e8,226,66f
e8,227,670
e8,228,671
e8,229,672
e8,230,673
e8,231,674
e8,232,675
e8,233,676
e8,234,677
e8,235,678
e8,236,679
e8,237,67a
e8,238,67b
e8,239,67c
e8,240,67d
e8,241,67e
e8,242,67f
e8,243,680
e8,244,701
e8,245,702
e8,246,703
e8,247,704
e8,248,705
e8,249,706
e8,250,707
e8,251,708
e8,252,709
e8,253,70a
e8,254,70b
e8,255,70c
e9,0,ea
e9,1,eb
e9,2,ec
e9,3,ed
e9,4,ee
e9,5,ef
e9,6,f0
e9,7,f1
e9,8,f2
e9,9,f3
e9,10,f4
e9,11,f5
e9,12,f6
e9,13,f7
e9,14,f8
e9,15,f9
e9,16,fa
e9,17,fb
e9,18,fc
ea,0,70d
ea,1,70e
ea,2,70f
ea,3,710
ea,4,711
ea,5,712
ea,6,713
ea,7,714
ea,8,715
ea,9,716
ea,10,717
ea,11,718
ea,12,719
ea,13,71a
ea,14,71b
ea,15,71c
ea,16,71d
ea,17,71e
ea,18,71f
ea,19,720
ea,20,721
ea,21,722
ea,22,723
ea,23,724
ea,24,725
ea,25,726
ea,26,727
ea,27,728
ea,28,729
ea,29,72a
ea,30,72b
ea,31,72c
ea,32,72d
ea,33,72e
ea,34,72f
ea,35,730
ea,36,731
ea,37,732
ea,38,733
ea,39,734
ea,40,735
ea,41,736
ea,42,737
ea,43,738
ea,44,739
ea,45,73a
ea,46,73b
ea,47,73c
ea,48,73d
ea,49,73e
ea,50,73f
ea,51,740
ea,52,741
ea,53,742
ea,54,743
ea,55,744
ea,56,745
ea,57,746
ea,58,747
ea,59,748
ea,60,749
ea,61,74a
ea,62,74b
ea,63,74c
ea,64,74d
ea,65,74e
ea,66,74f
ea,67,750
ea,68,751
ea,69,752
ea,70,753
ea,71,754
ea,72,755
ea,73,756
ea,74,757
ea,75,758
ea,76,759
ea,77,75a
ea,78,75b
ea,79,75c
ea,80,75d
ea,81,75e
ea,82,75f
ea,83,760
ea,84,761
ea,85,762
ea,86,763
ea,87,764
ea,88,765
ea,89,766
ea,90,767
ea,91,768
ea,92,769
ea,93,76a
ea,94,76b
ea,95,76c
ea,96,76d
ea,97,76e
ea,98,76f
ea,99,770
ea,100,771
ea,101,772
ea,102,773
ea,103,774
ea,104,775
ea,105,776
ea,106,777
ea,107,778
ea,108,779
ea,109,77a
ea,110,77b
ea,111,77c
ea,112,77d
ea,113,77e
ea,114,77f
ea,115,780
ea,116,781
ea,117,782
ea,118,783
ea,119,784
ea,120,785
ea,121,786
ea,122,787
ea,123,788
ea,124,789
ea,125,78a
ea,126,78b
ea,127,78c
ea,128,78d
ea,129,78e
ea,130,78f
ea,131,790
ea,132,791
ea,133,792
ea,134,793
ea,135,794
ea,136,795
ea,137,796
ea,138,797
ea,139,798
ea,140,799
ea,141,79a
ea,142,79b
ea,143,79c
ea,144,79d
ea,145,79e
ea,146,79f
ea,147,7a0
ea,148,7a1
ea,149,7a2
ea,150,7a3
ea,151,7a4
ea,152,7a5
ea,153,7a6
ea,154,7a7
ea,155,7a8
ea,156,7a9
ea,157,7aa
ea,158,7ab
ea,159,7ac
ea,160,7ad
ea,161,7ae
ea,162,7af
ea,163,7b0
ea,164,7b1
ea,165,7b2
ea,166,7b3
ea,167,7b4
ea,168,7b5
ea,169,7b6
ea,170,7b7
ea,171,7b8
ea,172,7b9
ea,173,7ba
ea,174,7bb
ea,175,7bc
ea,176,7bd
ea,177,7be
ea,178,7bf
ea,179,7c0
ea,180,7c1
ea,181,7c2
ea,182,7c3
ea,183,7c4
ea,184,7c5
ea,185,7c6
ea,186,7c7
ea,187,7c8
ea,188,7c9
ea,189,7ca
ea,190,7cb
ea,191,7cc
ea,192,7cd
ea,193,7ce
ea,194,7cf
ea,195,7d0
ea,196,7d1
ea,197,7d2
ea,198,7d3
ea,199,7d4
ea,200,7d5
ea,201,7d6
ea,202,7d7
ea,203,7d8
ea,204,7d9
ea,205,7da
ea,206,7db
ea,207,7dc
ea,208,7dd
ea,209,7de
ea,210,7df
ea,211,7e0
ea,212,7e1
ea,213,7e2
ea,214,7e3
ea,215,7e4
ea,216,7e5
ea,217,7e6
ea,218,7e7
ea,219,7e8
ea,220,7e9
ea,221,7ea
ea,222,7eb
ea,223,7ec
ea,224,7ed
ea,225,7ee
ea,226,7ef
ea,227,7f0
ea,228,7f1
ea,229,7f2
ea,230,7f3
ea,231,7f4
ea,232,7f5
ea,233,7f6
ea,234,7f7
ea,235,7f8
ea,236,7f9
ea,237,7fa
ea,238,7fb
ea,239,7fc
ea,240,7fd
ea,241,7fe
ea,242,7ff
ea,243,800
ea,244,801
ea,245,802
ea,246,803
ea,247,804
ea,248,805
ea,249,806
ea,250,807
ea,251,808
ea,252,809
ea,253,80a
ea,254,80b
ea,255,80c
eb,0,80d
eb,1,80e
eb,2,80f
eb,3,810
eb,4,811
eb,5,812
eb,6,813
eb,7,814
eb,8,815
eb,9,816
eb,10,817
eb,11,818
eb,12,819
eb,13,81a
eb,14,81b
eb,15,81c
eb,16,81d
eb,17,81e
eb,18,81f
eb,19,820
eb,20,821
eb,21,822
eb,22,823
eb,23,824
eb,24,825
eb,25,826
eb,26,827
eb,27,828
eb,28,829
eb,29,82a
eb,30,82b
eb,31,82c
eb,32,82d
eb,33,82e
eb,34,82f
eb,35,830
eb,36,831
eb,37,832
eb,38,833
eb,39,834
eb,40,835
eb,41,836
eb,42,837
eb,43,838
eb,44,839
eb,45,83a
eb,46,83b
eb,47,83c
eb,48,83d
eb,49,83e
eb,50,83f
eb,51,840
eb,52,841
eb,53,842
eb,54,843
eb,55,844
eb,56,845
eb,57,846
eb,58,847
eb,59,848
eb,60,849
eb,61,84a
eb,62,84b
eb,63,84c
eb,64,84d
eb,65,84e
eb,66,84f
eb,67,850
eb,68,851
eb,69,852
eb,70,853
eb,71,854
eb,72,855
eb,73,856
eb,74,857
eb,75,858
eb,76,859
eb,77,85a
eb,78,85b
eb,79,85c
eb,80,85d
eb,81,85e
eb,82,85f
eb,83,860
eb,84,861
eb,85,862
eb,86,863
eb,87,864
eb,88,865
eb,89,866
eb,90,867
eb,91,868
eb,92,869
eb,93,86a
eb,94,86b
eb,95,86c
eb,96,86d
eb,97,86e
eb,98,86f
eb,99,870
eb,100,871
eb,101,872
eb,102,873
eb,103,874
eb,104,875
eb,105,876
eb,106,877
eb,107,878
eb,108,879
eb,109,87a
eb,110,87b
eb,111,87c
eb,112,87d
eb,113,87e
eb,114,87f
eb,115,880
eb,116,881
eb,117,882
eb,118,883
eb,119,884
eb,120,885
eb,121,886
eb,122,887
eb,123,888
eb,124,889
eb,125,88a
eb,126,88b
eb,127,88c
eb,128,88d
eb,129,88e
eb,130,88f
eb,131,890
eb,132,891
eb,133,892
eb,134,893
eb,135,894
eb,136,895
eb,137,896
eb,138,897
eb,139,898
eb,140,899
eb,141,89a
eb,142,89b
eb,143,89c
eb,144,89d
eb,145,89e
eb,146,89f
eb,147,8a0
eb,148,8a1
eb,149,8a2
eb,150,8a3
eb,151,8a4
eb,152,8a5
eb,153,8a6
eb,154,8a7
eb,155,8a8
eb,156,8a9
eb,157,8aa
eb,158,8ab
eb,159,8ac
eb,160,8ad
eb,161,8ae
eb,162,8af
eb,163,8b0
eb,164,8b1
eb,165,8b2
eb,166,8b3
eb,167,8b4
eb,168,8b5
eb,169,8b6
eb,170,8b7
eb,171,8b8
eb,172,8b9
eb,173,8ba
eb,174,8bb
eb,175,8bc
eb,176,8bd
eb,177,8be
eb,178,8bf
eb,179,8c0
eb,180,8c1
eb,181,8c2
eb,182,8c3
eb,183,8c4
eb,184,8c5
eb,185,8c6
eb,186,8c7
eb,187,8c8
eb,188,8c9
eb,189,8ca
eb,190,8cb
eb,191,8cc
eb,192,8cd
eb,193,8ce
eb,194,8cf
eb,195,8d0
eb,196,8d1
eb,197,8d2
eb,198,8d3
eb,199,8d4
eb,200,8d5
eb,201,8d6
eb,202,8d7
eb,203,8d8
eb,204,8d9
eb,205,8da
eb,206,8db
eb,207,8dc
eb,208,8dd
eb,209,8de
eb,210,8df
eb,211,8e0
eb,212,8e1
eb,213,8e2
eb,214,8e3
eb,215,8e4
eb,216,8e5
eb,217,8e6
eb,218,8e7
eb,219,8e8
eb,220,8e9
eb,221,8ea
eb,222,8eb
eb,223,8ec
eb,224,8ed
eb,225,8ee
eb,226,8ef
eb,227,8f0
eb,228,8f1
eb,229,8f2
eb,230,8f3
eb,231,8f4
eb,232,8f5
eb,233,8f6
eb,234,8f7
eb,235,8f8
eb,236,8f9
eb,237,8fa
eb,238,8fb
eb,239,8fc
eb,240,8fd
eb,241,8fe
eb,242,8ff
eb,243,900
eb,244,901
eb,245,902
eb,246,903
eb,247,904
eb,248,905
eb,249,906
eb,250,907
eb,251,908
eb,252,909
eb,253,90a
eb,254,90b
eb,255,90c
ec,0,90d
ec,1,90e
ec,2,90f
ec,3,910
ec,4,911
ec,5,912
ec,6,913
ec,7,914
ec,8,915
ec,9,916
ec,10,917
ec,11,918
ec,12,919
ec,13,91a
ec,14,91b
ec,15,91c
ec,16,91d
ec,17,91e
ec,18,91f
ec,19,920
ec,20,921
ec,21,922
ec,22,923
ec,23,924
ec,24,925
ec,25,926
ec,26,927
ec,27,928
ec,28,929
ec,29,92a
ec,30,92b
ec,31,92c
ec,32,92d
ec,33,92e
ec,34,92f
ec,35,930
ec,36,931
ec,37,932
ec,38,933
ec,39,934
ec,40,935
ec,41,936
ec,42,937
ec,43,938
ec,44,939
ec,45,93a
ec,46,93b
ec,47,93c
ec,48,93d
ec,49,93e
ec,50,93f
ec,51,940
ec,52,941
ec,53,942
ec,54,943
ec,55,944
ec,56,945
ec,57,946
ec,58,947
ec,59,948
ec,60,949
ec,61,94a
ec,62,94b
ec,63,94c
ec,64,94d
ec,65,94e
ec,66,94f
ec,67,950
ec,68,951
ec,69,952
ec,70,953
ec,71,954
ec,72,955
ec,73,956
ec,74,957
ec,75,958
ec,76,959
ec,77,95a
ec,78,95b
ec,79,95c
ec,80,95d
ec,81,95e
ec,82,95f
ec,83,960
ec,84,961
ec,85,962
ec,86,963
ec,87,964
ec,88,965
ec,89,966
ec,90,967
ec,91,968
ec,92,969
ec,93,96a
ec,94,96b
ec,95,96c
ec,96,96d
ec,97,96e
ec,98,96f
ec,99,970
ec,100,971
ec,101,972
ec,102,973
ec,103,974
ec,104,975
ec,105,976
ec,106,977
ec,107,978
ec,108,979
ec,109,97a
ec,110,97b
ec,111,97c
ec,112,97d
ec,113,97e
ec,114,97f
ec,115,980
ec,116,981
ec,117,982
ec,118,983
ec,119,984
ec,120,985
ec,121,986
ec,122,987
ec,123,988
ec,124,989
ec,125,98a
ec,126,98b
ec,127,98c
ec,128,98d
ec,129,98e
ec,130,98f
ec,131,990
ec,132,991
ec,133,992
ec,134,993
ec,135,994
ec,136,995
ec,137,996
ec,138,997
ec,139,998
ec,140,999
ec,141,99a
ec,142,99b
ec,143,99c
ec,144,99d
ec,145,99e
ec,146,99f
ec,147,9a0
ec,148,9a1
ec,149,9a2
ec,150,9a3
ec,151,9a4
ec,152,9a5
ec,153,9a6
ec,154,9a7
ec,155,9a8
ec,156,9a9
ec,157,9aa
ec,158,9ab
ec,159,9ac
ec,160,9ad
ec,161,9ae
ec,162,9af
ec,163,9b0
ec,164,9b1
ec,165,9b2
ec,166,9b3
ec,167,9b4
ec,168,9b5
ec,169,9b6
ec,170,9b7
ec,171,9b8
ec,172,9b9
ec,173,9ba
ec,174,9bb
ec,175,9bc
ec,176,9bd
ec,177,9be
ec,178,9bf
ec,179,9c0
ec,180,9c1
ec,181,9c2
ec,182,9c3
ec,183,9c4
ec,184,9c5
ec,185,9c6
ec,186,9c7
ec,187,9c8
ec,188,9c9
ec,189,9ca
ec,190,9cb
ec,191,9cc
ec,192,9cd
ec,193,9ce
ec,194,9cf
ec,195,9d0
ec,196,9d1
ec,197,9d2
ec,198,9d3
ec,199,9d4
ec,200,9d5
ec,201,9d6
ec,202,9d7
ec,203,9d8
ec,204,9d9
ec,205,9da
ec,206,9db
ec,207,9dc
ec,208,9dd
ec,209,9de
ec,210,9df
ec,211,9e0
ec,212,9e1
ec,213,9e2
ec,214,9e3
ec,215,9e4
ec,216,9e5
ec,217,9e6
ec,218,9e7
ec,219,9e8
ec,220,9e9
ec,221,9ea
ec,222,9eb
ec,223,9ec
ec,224,9ed
ec,225,9ee
ec,226,9ef
ec,227,9f0
ec,228,9f1
ec,229,9f2
ec,230,9f3
ec,231,9f4
ec,232,9f5
ec,233,9f6
ec,234,9f7
ec,235,9f8
ec,236,9f9
ec,237,9fa
ec,238,9fb
ec,239,9fc
ec,240,9fd
ec,241,9fe
ec,242,9ff
ec,243,a00
ec,244,c01
ec,245,c02
ec,246,c03
ec,247,c04
ec,248,c05
ec,249,c06
ec,250,c07
ec,251,c08
ec,252,c09
ec,253,c0a
ec,254,c0b
ec,255,c0c
ed,0,c0d
ed,1,c0e
ed,2,c0f
ed,3,c10
ed,4,c11
ed,5,c12
ed,6,c13
ed,7,c14
ed,8,c15
ed,9,c16
ed,10,c17
ed,11,c18
ed,12,c19
ed,13,c1a
ed,14,c1b
ed,15,c1c
ed,16,c1d
ed,17,c1e
ed,18,c1f
ed,19,c20
ed,20,c21
ed,21,c22
ed,22,c23
ed,23,c24
ed,24,c25
ed,25,c26
ed,26,c27
ed,27,c28
ed,28,c29
ed,29,c2a
ed,30,c2b
ed,31,c2c
ed,32,c2d
ed,33,c2e
ed,34,c2f
ed,35,c30
ed,36,c31
ed,37,c32
ed,38,c33
ed,39,c34
ed,40,c35
ed,41,c36
ed,42,c37
ed,43,c38
ed,44,c39
ed,45,c3a
ed,46,c3b
ed,47,c3c
ed,48,c3d
ed,49,c3e
ed,50,c3f
ed,51,c40
ed,52,c41
ed,53,c42
ed,54,c43
ed,55,c44
ed,56,c45
ed,57,c46
ed,58,c47
ed,59,c48
ed,60,c49
ed,61,c4a
ed,62,c4b
ed,63,c4c
ed,64,c4d
ed,65,c4e
ed,66,c4f
ed,67,c50
ed,68,c51
ed,69,c52
ed,70,c53
ed,71,c54
ed,72,c55
ed,73,c56
ed,74,c57
ed,75,c58
ed,76,c59
ed,77,c5a
ed,78,c5b
ed,79,c5c
ed,80,c5d
ed,81,c5e
ed,82,c5f
ed,83,c60
ed,84,c61
ed,85,c62
ed,86,c63
ed,87,c64
ed,88,c65
ed,89,c66
ed,90,c67
ed,91,c68
ed,92,c69
ed,93,c6a
ed,94,c6b
ed,95,c6c
ed,96,c6d
ed,97,c6e
ed,98,c6f
ed,99,c70
ed,100,c71
ed,101,c72
ed,102,c73
ed,103,c74
ed,104,c75
ed,105,c76
ed,106,c77
ed,107,c78
ed,108,c79
ed,109,c7a
ed,110,c7b
ed,111,c7c
ed,112,c7d
ed,113,c7e
ed,114,c7f
ed,115,c80
ed,116,c81
ed,117,c82
ed,118,c83
ed,119,c84
ed,120,c85
ed,121,c86
ed,122,c87
ed,123,c88
ed,124,c89
ed,125,c8a
ed,126,c8b
ed,127,c8c
ed,128,c8d
ed,129,c8e
ed,130,c8f
ed,131,c90
ed,132,c91
ed,133,c92
ed,134,c93
ed,135,c94
ed,136,c95
ed,137,c96
ed,138,c97
ed,139,c98
ed,140,c99
ed,141,c9a
ed,142,c9b
ed,143,c9c
ed,144,c9d
ed,145,c9e
ed,146,c9f
ed,147,ca0
ed,148,ca1
ed,149,ca2
ed,150,ca3
ed,151,ca4
ed,152,ca5
ed,153,ca6
ed,154,ca7
ed,155,ca8
ed,156,ca9
ed,157,caa
ed,158,cab
ed,159,cac
ed,160,cad
ed,161,cae
ed,162,caf
ed,163,cb0
ed,164,cb1
ed,165,cb2
ed,166,cb3
ed,167,cb4
ed,168,cb5
ed,169,cb6
ed,170,cb7
ed,171,cb8
ed,172,cb9
ed,173,cba
ed,174,cbb
ed,175,cbc
ed,176,cbd
ed,177,cbe
ed,178,cbf
ed,179,cc0
ed,180,cc1
ed,181,cc2
ed,182,cc3
ed,183,cc4
ed,184,cc5
ed,185,cc6
ed,186,cc7
ed,187,cc8
ed,188,cc9
ed,189,cca
ed,190,ccb
ed,191,ccc
ed,192,ccd
ed,193,cce
ed,194,ccf
ed,195,cd0
ed,196,cd1
ed,197,cd2
ed,198,cd3
ed,199,cd4
ed,200,cd5
ed,201,cd6
ed,202,cd7
ed,203,cd8
ed,204,cd9
ed,205,cda
ed,206,cdb
ed,207,cdc
ed,208,cdd
ed,209,cde
ed,210,cdf
ed,211,ce0
ed,212,ce1
ed,213,ce2
ed,214,ce3
ed,215,ce4
ed,216,ce5
ed,217,ce6
ed,218,ce7
ed,219,ce8
ed,220,ce9
ed,221,cea
ed,222,ceb
ed,223,cec
ed,224,ced
ed,225,cee
ed,226,cef
ed,227,cf0
ed,228,cf1
ed,229,cf2
ed,230,cf3
ed,231,cf4
ed,232,cf5
ed,233,cf6
ed,234,cf7
ed,235,cf8
ed,236,cf9
ed,237,cfa
ed,238,cfb
ed,239,cfc
ed,240,cfd
ed,241,cfe
ed,242,cff
ed,243,d00
ed,244,d01
ed,245,d02
ed,246,d03
ed,247,d04
ed,248,d05
ed,249,d06
ed,250,d07
ed,251,d08
ed,252,d09
ed,253,d0a
ed,254,d0b
ed,255,d0c
ee,0,d0d
ee,1,d0e
ee,2,d0f
ee,3,d10
ee,4,d11
ee,5,d12
ee,6,d13
ee,7,d14
ee,8,d15
ee,9,d16
ee,10,d17
ee,11,d18
ee,12,d19
ee,13,d1a
ee,14,d1b
ee,15,d1c
ee,16,d1d
ee,17,d1e
ee,18,d1f
ee,19,d20
ee,20,d21
ee,21,d22
ee,22,d23
ee,23,d24
ee,24,d25
ee,25,d26
ee,26,d27
ee,27,d28
ee,28,d29
ee,29,d2a
ee,30,d2b
ee,31,d2c
ee,32,d2d
ee,33,d2e
ee,34,d2f
ee,35,d30
ee,36,d31
ee,37,d32
ee,38,d33
ee,39,d34
ee,40,d35
ee,41,d36
ee,42,d37
ee,43,d38
ee,44,d39
ee,45,d3a
ee,46,d3b
ee,47,d3c
ee,48,d3d
ee,49,d3e
ee,50,d3f
ee,51,d40
ee,52,d41
ee,53,d42
ee,54,d43
ee,55,d44
ee,56,d45
ee,57,d46
ee,58,d47
ee,59,d48
ee,60,d49
ee,61,d4a
ee,62,d4b
ee,63,d4c
ee,64,d4d
ee,65,d4e
ee,66,d4f
ee,67,d50
ee,68,d51
ee,69,d52
ee,70,d53
ee,71,d54
ee,72,d55
ee,73,d56
ee,74,d57
ee,75,d58
ee,76,d59
ee,77,d5a
ee,78,d5b
ee,79,d5c
ee,80,d5d
ee,81,d5e
ee,82,d5f
ee,83,d60
ee,84,d61
ee,85,d62
ee,86,d63
ee,87,d64
ee,88,d65
ee,89,d66
ee,90,d67
ee,91,d68
ee,92,d69
ee,93,d6a
ee,94,d6b
ee,95,d6c
ee,96,d6d
ee,97,d6e
ee,98,d6f
ee,99,d70
ee,100,d71
ee,101,d72
ee,102,d73
ee,103,d74
ee,104,d75
ee,105,d76
ee,106,d77
ee,107,d78
ee,108,d79
ee,109,d7a
ee,110,d7b
ee,111,d7c
ee,112,d7d
ee,113,d7e
ee,114,d7f
ee,115,d80
ee,116,d81
ee,117,d82
ee,118,d83
ee,119,d84
ee,120,d85
ee,121,d86
ee,122,d87
ee,123,d88
ee,124,d89
ee,125,d8a
ee,126,d8b
ee,127,d8c
ee,128,d8d
ee,129,d8e
ee,130,d8f
ee,131,d90
ee,132,d91
ee,133,d92
ee,134,d93
ee,135,d94
ee,136,d95
ee,137,d96
ee,138,d97
ee,139,d98
ee,140,d99
ee,141,d9a
ee,142,d9b
ee,143,d9c
ee,144,d9d
ee,145,d9e
ee,146,d9f
ee,147,da0
ee,148,da1
ee,149,da2
ee,150,da3
ee,151,da4
ee,152,da5
ee,153,da6
ee,154,da7
ee,155,da8
ee,156,da9
ee,157,daa
ee,158,dab
ee,159,dac
ee,160,dad
ee,161,dae
ee,162,daf
ee,163,db0
ee,164,db1
ee,165,db2
ee,166,db3
ee,167,db4
ee,168,db5
ee,169,db6
ee,170,db7
ee,171,db8
ee,172,db9
ee,173,dba
ee,174,dbb
ee,175,dbc
ee,176,dbd
ee,177,dbe
ee,178,dbf
ee,179,dc0
ee,180,dc1
ee,181,dc2
ee,182,dc3
ee,183,dc4
ee,184,dc5
ee,185,dc6
ee,186,dc7
ee,187,dc8
ee,188,dc9
ee,189,dca
ee,190,dcb
ee,191,dcc
ee,192,dcd
ee,193,dce
ee,194,dcf
ee,195,dd0
ee,196,dd1
ee,197,dd2
ee,198,dd3
ee,199,dd4
ee,200,dd5
ee,201,dd6
ee,202,dd7
ee,203,dd8
ee,204,dd9
ee,205,dda
ee,206,ddb
ee,207,ddc
ee,208,ddd
ee,209,dde
ee,210,ddf
ee,211,de0
ee,212,de1
ee,213,de2
ee,214,de3
ee,215,de4
ee,216,de5
ee,217,de6
ee,218,de7
ee,219,de8
ee,220,de9
ee,221,dea
ee,222,deb
ee,223,dec
ee,224,ded
ee,225,dee
ee,226,def
ee,227,df0
ee,228,df1
ee,229,df2
ee,230,df3
ee,231,df4
ee,232,df5
ee,233,df6
ee,234,df7
ee,235,df8
ee,236,df9
ee,237,dfa
ee,238,dfb
ee,239,dfc
ee,240,dfd
ee,241,dfe
ee,242,dff
ee,243,e00
ee,244,e01
ee,245,e02
ee,246,e03
ee,247,e04
ee,248,e05
ee,249,e06
ee,250,e07
ee,251,e08
ee,252,e09
ee,253,e0a
ee,254,e0b
ee,255,e0c
ef,0,e0d
ef,1,e0e
ef,2,e0f
ef,3,e10
ef,4,e11
ef,5,e12
ef,6,e13
ef,7,e14
ef,8,e15
ef,9,e16
ef,10,e17
ef,11,e18
ef,12,e19
ef,13,e1a
ef,14,e1b
ef,15,e1c
ef,16,e1d
ef,17,e1e
ef,18,e1f
ef,19,e20
ef,20,e21
ef,21,e22
ef,22,e23
ef,23,e24
ef,24,e25
ef,25,e26
ef,26,e27
ef,27,e28
ef,28,e29
ef,29,e2a
ef,30,e2b
ef,31,e2c
ef,32,e2d
ef,33,e2e
ef,34,e2f
ef,35,e30
ef,36,e31
ef,37,e32
ef,38,e33
ef,39,e34
ef,40,e35
ef,41,e36
ef,42,e37
ef,43,e38
ef,44,e39
ef,45,e3a
ef,46,e3b
ef,47,e3c
ef,48,e3d
ef,49,e3e
ef,50,e3f
ef,51,e40
ef,52,e41
ef,53,e42
ef,54,e43
ef,55,e44
ef,56,e45
ef,57,e46
ef,58,e47
ef,59,e48
ef,60,e49
ef,61,e4a
ef,62,e4b
ef,63,e4c
ef,64,e4d
ef,65,e4e
ef,66,e4f
ef,67,e50
ef,68,e51
ef,69,e52
ef,70,e53
ef,71,e54
ef,72,e55
ef,73,e56
ef,74,e57
ef,75,e58
ef,76,e59
ef,77,e5a
ef,78,e5b
ef,79,e5c
ef,80,e5d
ef,81,e5e
ef,82,e5f
ef,83,e60
ef,84,e61
ef,85,e62
ef,86,e63
ef,87,e64
ef,88,e65
ef,89,e66
ef,90,e67
ef,91,e68
ef,92,e69
ef,93,e6a
ef,94,e6b
ef,95,e6c
ef,96,e6d
ef,97,e6e
ef,98,e6f
ef,99,e70
ef,100,e71
ef,101,e72
ef,102,e73
ef,103,e74
ef,104,e75
ef,105,e76
ef,106,e77
ef,107,e78
ef,108,e79
ef,109,e7a
ef,110,e7b
ef,111,e7c
ef,112,e7d
ef,113,e7e
ef,114,e7f
ef,115,e80
ef,116,e81
ef,117,e82
ef,118,e83
ef,119,e84
ef,120,e85
ef,121,e86
ef,122,e87
ef,123,e88
ef,124,e89
ef,125,e8a
ef,126,e8b
ef,127,e8c
ef,128,e8d
ef,129,e8e
ef,130,e8f
ef,131,e90
ef,132,e91
ef,133,e92
ef,134,e93
ef,135,e94
ef,136,e95
ef,137,e96
ef,138,e97
ef,139,e98
ef,140,e99
ef,141,e9a
ef,142,e9b
ef,143,e9c
ef,144,e9d
ef,145,e9e
ef,146,e9f
ef,147,ea0
ef,148,ea1
ef,149,ea2
ef,150,ea3
ef,151,ea4
ef,152,ea5
ef,153,ea6
ef,154,ea7
ef,155,ea8
ef,156,ea9
ef,157,eaa
ef,158,eab
ef,159,eac
ef,160,ead
ef,161,eae
ef,162,eaf
ef,163,eb0
ef,164,eb1
ef,165,eb2
ef,166,eb3
ef,167,eb4
ef,168,eb5
ef,169,eb6
ef,170,eb7
ef,171,eb8
ef,172,eb9
ef,173,eba
ef,174,ebb
ef,175,ebc
ef,176,ebd
ef,177,ebe
ef,178,ebf
ef,179,ec0
ef,180,ec1
ef,181,ec2
ef,182,ec3
ef,183,ec4
ef,184,ec5
ef,185,ec6
ef,186,ec7
ef,187,ec8
ef,188,ec9
ef,189,eca
ef,190,ecb
ef,191,ecc
ef,192,ecd
ef,193,ece
ef,194,ecf
ef,195,ed0
ef,196,ed1
ef,197,ed2
ef,198,ed3
ef,199,ed4
ef,200,ed5
ef,201,ed6
ef,202,ed7
ef,203,ed8
ef,204,ed9
ef,205,eda
ef,206,edb
ef,207,edc
ef,208,edd
ef,209,ede
ef,210,edf
ef,211,ee0
ef,212,ee1
ef,213,ee2
ef,214,ee3
ef,215,ee4
ef,216,ee5
ef,217,ee6
ef,218,ee7
ef,219,ee8
ef,220,ee9
ef,221,eea
ef,222,eeb
ef,223,eec
ef,224,eed
ef,225,eee
ef,226,eef
ef,227,ef0
ef,228,ef1
ef,229,ef2
ef,230,ef3
ef,231,ef4
ef,232,ef5
ef,233,ef6
ef,234,ef7
ef,235,ef8
ef,236,ef9
ef,237,efa
ef,238,efb
ef,239,efc
ef,240,efd
ef,241,efe
ef,242,eff
ef,243,f00
ef,244,f01
ef,245,f02
ef,246,f03
ef,247,f04
ef,248,f05
ef,249,f06
ef,250,f07
ef,251,f08
ef,252,f09
ef,253,f0a
ef,254,f0b
ef,255,f0c
f0,0,f0d
f0,1,f0e
f0,2,f0f
f0,3,f10
f0,4,f11
f0,5,f12
f0,6,f13
f0,7,f14
f0,8,f15
f0,9,f16
f0,10,f17
f0,11,f18
f0,12,f19
f0,13,f1a
f0,14,f1b
f0,15,f1c
f0,16,f1d
f0,17,f1e
f0,18,f1f
f0,19,f20
f0,20,f21
f0,21,f22
f0,22,f23
f0,23,f24
f0,24,f25
f0,25,f26
f0,26,f27
f0,27,f28
f0,28,f29
f0,29,f2a
f0,30,f2b
f0,31,f2c
f0,32,f2d
f0,33,f2e
f0,34,f2f
f0,35,f30
f0,36,f31
f0,37,f32
f0,38,f33
f0,39,f34
f0,40,f35
f0,41,f36
f0,42,f37
f0,43,f38
f0,44,f39
f0,45,f3a
f0,46,f3b
f0,47,f3c
f0,48,f3d
f0,49,f3e
f0,50,f3f
f0,51,f40
f0,52,f41
f0,53,f42
f0,54,f43
f0,55,f44
f0,56,f45
f0,57,f46
f0,58,f47
f0,59,f48
f0,60,f49
f0,61,f4a
f0,62,f4b
f0,63,f4c
f0,64,f4d
f0,65,f4e
f0,66,f4f
f0,67,f50
f0,68,f51
f0,69,f52
f0,70,f53
f0,71,f54
f0,72,f55
f0,73,f56
f0,74,f57
f0,75,f58
f0,76,f59
f0,77,f5a
f0,78,f5b
f0,79,f5c
f0,80,f5d
f0,81,f5e
f0,82,f5f
f0,83,f60
f0,84,f61
f0,85,f62
f0,86,f63
f0,87,f64
f0,88,f65
f0,89,f66
f0,90,f67
f0,91,f68
f0,92,f69
f0,93,f6a
f0,94,f6b
f0,95,f6c
f0,96,f6d
f0,97,f6e
f0,98,f6f
f0,99,f70
f0,100,f71
f0,101,f72
f0,102,f73
f0,103,f74
f0,104,f75
f0,105,f76
f0,106,f77
f0,107,f78
f0,108,f79
f0,109,f7a
f0,110,f7b
f0,111,f7c
f0,112,f7d
f0,113,f7e
f0,114,f7f
f0,115,f80
f0,116,f81
f0,117,f82
f0,118,f83
f0,119,f84
f0,120,f85
f0,121,f86
f0,122,f87
f0,123,f88
f0,124,f89
f0,125,f8a
f0,126,f8b
f0,127,f8c
f0,128,f8d
f0,129,f8e
f0,130,f8f
f0,131,f90
f0,132,f91
f0,133,f92
f0,134,f93
f0,135,f94
f0,136,f95
f0,137,f96
f0,138,f97
f0,139,f98
f0,140,f99
f0,141,f9a
f0,142,f9b
f0,143,f9c
f0,144,f9d
f0,145,f9e
f0,146,f9f
f0,147,fa0
f0,148,fa1
f0,149,fa2
f0,150,fa3
f0,151,fa4
f0,152,fa5
f0,153,fa6
f0,154,fa7
f0,155,fa8
f0,156,fa9
f0,157,faa
f0,158,fab
f0,159,fac
f0,160,fad
f0,161,fae
f0,162,faf
f0,163,fb0
f0,164,fb1
f0,165,fb2
f0,166,fb3
f0,167,fb4
f0,168,fb5
f0,169,fb6
f0,170,fb7
f0,171,fb8
f0,172,fb9
f0,173,fba
f0,174,fbb
f0,175,fbc
f0,176,fbd
f0,177,fbe
f0,178,fbf
f0,179,fc0
f0,180,fc1
f0,181,fc2
f0,182,fc3
f0,183,fc4
f0,184,fc5
f0,185,fc6
f0,186,fc7
f0,187,fc8
f0,188,fc9
f0,189,fca
f0,190,fcb
f0,191,fcc
f0,192,fcd
f0,193,fce
f0,194,fcf
f0,195,fd0
f0,196,fd1
f0,197,fd2
f0,198,fd3
f0,199,fd4
f0,200,fd5
f0,201,fd6
f0,202,fd7
f0,203,fd8
f0,204,fd9
f0,205,fda
f0,206,fdb
f0,207,fdc
f0,208,fdd
f0,209,fde
f0,210,fdf
f0,211,fe0
f0,212,fe1
f0,213,fe2
f0,214,fe3
f0,215,fe4
f0,216,fe5
f0,217,fe6
f0,218,fe7
f0,219,fe8
f0,220,fe9
f0,221,fea
f0,222,feb
f0,223,fec
f0,224,fed
f0,225,fee
f0,226,fef
f0,227,ff0
f0,228,ff1
f0,229,ff2
f0,230,ff3
f0,231,ff4
f0,232,ff5
f0,233,ff6
f0,234,ff7
f0,235,ff8
f0,236,ff9
f0,237,ffa
f0,238,ffb
f0,239,ffc
f0,240,ffd
f0,241,ffe
f0,242,fff
f0,243,1000
f0,244,1001
f0,245,1002
f0,246,1003
f0,247,1004
f0,248,1005
f0,249,1006
f0,250,1007
f0,251,1008
f0,252,1009
f0,253,100a
f0,254,100b
f0,255,100c
f1,0,100d
f1,1,100e
f1,2,100f
f1,3,1010
f1,4,1011
f1,5,1012
f1,6,1013
f1,7,1014
f1,8,1015
f1,9,1016
f1,10,1017
f1,11,1018
f1,12,1019
f1,13,101a
f1,14,101b
f1,15,101c
f1,16,101d
f1,17,101e
f1,18,101f
f1,19,1020
f1,20,1021
f1,21,1022
f1,22,1023
f1,23,1024
f1,24,1025
f1,25,1026
f1,26,1027
f1,27,1028
f1,28,1029
f1,29,102a
f1,30,102b
f1,31,102c
f1,32,102d
f1,33,102e
f1,34,102f
f1,35,1030
f1,36,1031
f1,37,1032
f1,38,1033
f1,39,1034
f1,40,1035
f1,41,1036
f1,42,1037
f1,43,1038
f1,44,1039
f1,45,103a
f1,46,103b
f1,47,103c
f1,48,103d
f1,49,103e
f1,50,103f
f1,51,1040
f1,52,1041
f1,53,1042
f1,54,1043
f1,55,1044
f1,56,1045
f1,57,1046
f1,58,1047
f1,59,1048
f1,60,1049
f1,61,104a
f1,62,104b
f1,63,104c
f1,64,104d
f1,65,104e
f1,66,104f
f1,67,1050
f1,68,1051
f1,69,1052
f1,70,1053
f1,71,1054
f1,72,1055
f1,73,1056
f1,74,1057
f1,75,1058
f1,76,1059
f1,77,105a
f1,78,105b
f1,79,105c
f1,80,105d
f1,81,105e
f1,82,105f
f1,83,1060
f1,84,1061
f1,85,1062
f1,86,1063
f1,87,1064
f1,88,1065
f1,89,1066
f1,90,1067
f1,91,1068
f1,92,1069
f1,93,106a
f1,94,106b
f1,95,106c
f1,96,106d
f1,97,106e
f1,98,106f
f1,99,1070
f1,100,1071
f1,101,1072
f1,102,1073
f1,103,1074
f1,104,1075
f1,105,1076
f1,106,1077
f1,107,1078
f1,108,1079
f1,109,107a
f1,110,107b
f1,111,107c
f1,112,107d
f1,113,107e
f1,114,107f
f1,115,1080
f1,116,1081
f1,117,1082
f1,118,1083
f1,119,1084
f1,120,1085
f1,121,1086
f1,122,1087
f1,123,1088
f1,124,1089
f1,125,108a
f1,126,108b
f1,127,108c
f1,128,108d
f1,129,108e
f1,130,108f
f1,131,1090
f1,132,1091
f1,133,1092
f1,134,1093
f1,135,1094
f1,136,1095
f1,137,1096
f1,138,1097
f1,139,1098
f1,140,1099
f1,141,109a
f1,142,109b
f1,143,109c
f1,144,109d
f1,145,109e
f1,146,109f
f1,147,10a0
f1,148,10a1
f1,149,10a2
f1,150,10a3
f1,151,10a4
f1,152,10a5
f1,153,10a6
f1,154,10a7
f1,155,10a8
f1,156,10a9
f1,157,10aa
f1,158,10ab
f1,159,10ac
f1,160,10ad
f1,161,10ae
f1,162,10af
f1,163,10b0
f1,164,10b1
f1,165,10b2
f1,166,10b3
f1,167,10b4
f1,168,10b5
f1,169,10b6
f1,170,10b7
f1,171,10b8
f1,172,10b9
f1,173,10ba
f1,174,10bb
f1,175,10bc
f1,176,10bd
f1,177,10be
f1,178,10bf
f1,179,10c0
f1,180,10c1
f1,181,10c2
f1,182,10c3
f1,183,10c4
f1,184,10c5
f1,185,10c6
f1,186,10c7
f1,187,10c8
f1,188,10c9
f1,189,10ca
f1,190,10cb
f1,191,10cc
f1,192,10cd
f1,193,10ce
f1,194,10cf
f1,195,10d0
f1,196,10d1
f1,197,10d2
f1,198,10d3
f1,199,10d4
f1,200,10d5
f1,201,10d6
f1,202,10d7
f1,203,10d8
f1,204,10d9
f1,205,10da
f1,206,10db
f1,207,10dc
f1,208,10dd
f1,209,10de
f1,210,10df
f1,211,10e0
f1,212,10e1
f1,213,10e2
f1,214,10e3
f1,215,10e4
f1,216,10e5
f1,217,10e6
f1,218,10e7
f1,219,10e8
f1,220,10e9
f1,221,10ea
f1,222,10eb
f1,223,10ec
f1,224,10ed
f1,225,10ee
f1,226,10ef
f1,227,10f0
f1,228,10f1
f1,229,10f2
f1,230,10f3
f1,231,10f4
f1,232,10f5
f1,233,10f6
f1,234,10f7
f1,235,10f8
f1,236,10f9
f1,237,10fa
f1,238,10fb
f1,239,10fc
f1,240,10fd
f1,241,10fe
f1,242,10ff
f1,243,1100
f1,244,1101
f1,245,1102
f1,246,1103
f1,247,1104
f1,248,1105
f1,249,1106
f1,250,1107
f1,251,1108
f1,252,1109
f1,253,110a
f1,254,110b
f1,255,110c
f2,0,110d
f2,1,110e
f2,2,110f
f2,3,1110
f2,4,1111
f2,5,1112
f2,6,1113
f2,7,1114
f2,8,1115
f2,9,1116
f2,10,1117
f2,11,1118
f2,12,1119
f2,13,111a
f2,14,111b
f2,15,111c
f2,16,111d
f2,17,111e
f2,18,111f
f2,19,1120
f2,20,1121
f2,21,1122
f2,22,1123
f2,23,1124
f2,24,1125
f2,25,1126
f2,26,1127
f2,27,1128
f2,28,1129
f2,29,112a
f2,30,112b
f2,31,112c
f2,32,112d
f2,33,112e
f2,34,112f
f2,35,1130
f2,36,1131
f2,37,1132
f2,38,1133
f2,39,1134
f2,40,1135
f2,41,1136
f2,42,1137
f2,43,1138
f2,44,1139
f2,45,113a
f2,46,113b
f2,47,113c
f2,48,113d
f2,49,113e
f2,50,113f
f2,51,1140
f2,52,1141
f2,53,1142
f2,54,1143
f2,55,1144
f2,56,1145
f2,57,1146
f2,58,1147
f2,59,1148
f2,60,1149
f2,61,114a
f2,62,114b
f2,63,114c
f2,64,114d
f2,65,114e
f2,66,114f
f2,67,1150
f2,68,1151
f2,69,1152
f2,70,1153
f2,71,1154
f2,72,1155
f2,73,1156
f2,74,1157
f2,75,1158
f2,76,1159
f2,77,115a
f2,78,115b
f2,79,115c
f2,80,115d
f2,81,115e
f2,82,115f
f2,83,1160
f2,84,1161
f2,85,1162
f2,86,1163
f2,87,1164
f2,88,1165
f2,89,1166
f2,90,1167
f2,91,1168
f2,92,1169
f2,93,116a
f2,94,116b
f2,95,116c
f2,96,116d
f2,97,116e
f2,98,116f
f2,99,1170
f2,100,1171
f2,101,1172
f2,102,1173
f2,103,1174
f2,104,1175
f2,105,1176
f2,106,1177
f2,107,1178
f2,108,1179
f2,109,117a
f2,110,117b
f2,111,117c
f2,112,117d
f2,113,117e
f2,114,117f
f2,115,1180
f2,116,1181
f2,117,1182
f2,118,1183
f2,119,1184
f2,120,1185
f2,121,1186
f2,122,1187
f2,123,1188
f2,124,1189
f2,125,118a
f2,126,118b
f2,127,118c
f2,128,118d
f2,129,118e
f2,130,118f
f2,131,1190
f2,132,1191
f2,133,1192
f2,134,1193
f2,135,1194
f2,136,1195
f2,137,1196
f2,138,1197
f2,139,1198
f2,140,1199
f2,141,119a
f2,142,119b
f2,143,119c
f2,144,119d
f2,145,119e
f2,146,119f
f2,147,11a0
f2,148,11a1
f2,149,11a2
f2,150,11a3
f2,151,11a4
f2,152,11a5
f2,153,11a6
f2,154,11a7
f2,155,11a8
f2,156,11a9
f2,157,11aa
f2,158,11ab
f2,159,11ac
f2,160,11ad
f2,161,11ae
f2,162,11af
f2,163,11b0
f2,164,11b1
f2,165,11b2
f2,166,11b3
f2,167,11b4
f2,168,11b5
f2,169,11b6
f2,170,11b7
f2,171,11b8
f2,172,11b9
f2,173,11ba
f2,174,11bb
f2,175,11bc
f2,176,11bd
f2,177,11be
f2,178,11bf
f2,179,11c0
f2,180,11c1
f2,181,11c2
f2,182,11c3
f2,183,11c4
f2,184,11c5
f2,185,11c6
f2,186,11c7
f2,187,11c8
f2,188,11c9
f2,189,11ca
f2,190,11cb
f2,191,11cc
f2,192,11cd
f2,193,11ce
f2,194,11cf
f2,195,11d0
f2,196,11d1
f2,197,11d2
f2,198,11d3
f2,199,11d4
f2,200,11d5
f2,201,11d6
f2,202,11d7
f2,203,11d8
f2,204,11d9
f2,205,11da
f2,206,11db
f2,207,11dc
f2,208,11dd
f2,209,11de
f2,210,11df
f2,211,11e0
f2,212,11e1
f2,213,11e2
f2,214,11e3
f2,215,11e4
f2,216,11e5
f2,217,11e6
f2,218,11e7
f2,219,11e8
f2,220,11e9
f2,221,11ea
f2,222,11eb
f2,223,11ec
f2,224,11ed
f2,225,11ee
f2,226,11ef
f2,227,11f0
f2,228,11f1
f2,229,11f2
f2,230,11f3
f2,231,11f4
f2,232,11f5
f2,233,11f6
f2,234,11f7
f2,235,11f8
f2,236,11f9
f2,237,11fa
f2,238,11fb
f2,239,11fc
f2,240,11fd
f2,241,11fe
f2,242,11ff
f2,243,1200
f2,244,1201
f2,245,1202
f2,246,1203
f2,247,1204
f2,248,1205
f2,249,1206
f2,250,1207
f2,251,1208
f2,252,1209
f2,253,120a
f2,254,120b
f2,255,120c
f3,0,120d
f3,1,120e
f3,2,120f
f3,3,1210
f3,4,1211
f3,5,1212
f3,6,1213
f3,7,1214
f3,8,1215
f3,9,1216
f3,10,1217
f3,11,1218
f3,12,1219
f3,13,121a
f3,14,121b
f3,15,121c
f3,16,121d
f3,17,121e
f3,18,121f
f3,19,1220
f3,20,1221
f3,21,1222
f3,22,1223
f3,23,1224
f3,24,1225
f3,25,1226
f3,26,1227
f3,27,1228
f3,28,1229
f3,29,122a
f3,30,122b
f3,31,122c
f3,32,122d
f3,33,122e
f3,34,122f
f3,35,1230
f3,36,1231
f3,37,1232
f3,38,1233
f3,39,1234
f3,40,1235
f3,41,1236
f3,42,1237
f3,43,1238
f3,44,1239
f3,45,123a
f3,46,123b
f3,47,123c
f3,48,123d
f3,49,123e
f3,50,123f
f3,51,1240
f3,52,1241
f3,53,1242
f3,54,1243
f3,55,1244
f3,56,1245
f3,57,1246
f3,58,1247
f3,59,1248
f3,60,1249
f3,61,124a
f3,62,124b
f3,63,124c
f3,64,124d
f3,65,124e
f3,66,124f
f3,67,1250
f3,68,1251
f3,69,1252
f3,70,1253
f3,71,1254
f3,72,1255
f3,73,1256
f3,74,1257
f3,75,1258
f3,76,1259
f3,77,125a
f3,78,125b
f3,79,125c
f3,80,125d
f3,81,125e
f3,82,125f
f3,83,1260
f3,84,1261
f3,85,1262
f3,86,1263
f3,87,1264
f3,88,1265
f3,89,1266
f3,90,1267
f3,91,1268
f3,92,1269
f3,93,126a
f3,94,126b
f3,95,126c
f3,96,126d
f3,97,126e
f3,98,126f
f3,99,1270
f3,100,1271
f3,101,1272
f3,102,1273
f3,103,1274
f3,104,1275
f3,105,1276
f3,106,1277
f3,107,1278
f3,108,1279
f3,109,127a
f3,110,127b
f3,111,127c
f3,112,127d
f3,113,127e
f3,114,127f
f3,115,1280
f3,116,1281
f3,117,1282
f3,118,1283
f3,119,1284
f3,120,1285
f3,121,1286
f3,122,1287
f3,123,1288
f3,124,1289
f3,125,128a
f3,126,128b
f3,127,128c
f3,128,128d
f3,129,128e
f3,130,128f
f3,131,1290
f3,132,1291
f3,133,1292
f3,134,1293
f3,135,1294
f3,136,1295
f3,137,1296
f3,138,1297
f3,139,1298
f3,140,1299
f3,141,129a
f3,142,129b
f3,143,129c
f3,144,129d
f3,145,129e
f3,146,129f
f3,147,12a0
f3,148,12a1
f3,149,12a2
f3,150,12a3
f3,151,12a4
f3,152,12a5
f3,153,12a6
f3,154,12a7
f3,155,12a8
f3,156,12a9
f3,157,12aa
f3,158,12ab
f3,159,12ac
f3,160,12ad
f3,161,12ae
f3,162,12af
f3,163,12b0
f3,164,12b1
f3,165,12b2
f3,166,12b3
f3,167,12b4
f3,168,12b5
f3,169,12b6
f3,170,12b7
f3,171,12b8
f3,172,12b9
f3,173,12ba
f3,174,12bb
f3,175,12bc
f3,176,12bd
f3,177,12be
f3,178,12bf
f3,179,12c0
f3,180,12c1
f3,181,12c2
f3,182,12c3
f3,183,12c4
f3,184,12c5
f3,185,12c6
f3,186,12c7
f3,187,12c8
f3,188,12c9
f3,189,12ca
f3,190,12cb
f3,191,12cc
f3,192,12cd
f3,193,12ce
f3,194,12cf
f3,195,12d0
f3,196,12d1
f3,197,12d2
f3,198,12d3
f3,199,12d4
f3,200,12d5
f3,201,12d6
f3,202,12d7
f3,203,12d8
f3,204,12d9
f3,205,12da
f3,206,12db
f3,207,12dc
f3,208,12dd
f3,209,12de
f3,210,12df
f3,211,12e0
f3,212,12e1
f3,213,12e2
f3,214,12e3
f3,215,12e4
f3,216,12e5
f3,217,12e6
f3,218,12e7
f3,219,12e8
f3,220,12e9
f3,221,12ea
f3,222,12eb
f3,223,12ec
f3,224,12ed
f3,225,12ee
f3,226,12ef
f3,227,12f0
f3,228,12f1
f3,229,12f2
f3,230,12f3
f3,231,12f4
f3,232,12f5
f3,233,12f6
f3,234,12f7
f3,235,12f8
f3,236,12f9
f3,237,12fa
f3,238,12fb
f3,239,12fc
f3,240,12fd
f3,241,12fe
f3,242,12ff
f3,243,1300
f3,244,1301
f3,245,1302
f3,246,1303
f3,247,1304
f3,248,1305
f3,249,1306
f3,250,1307
f3,251,1308
f3,252,1309
f3,253,130a
f3,254,130b
f3,255,130c
f4,0,130d
f4,1,130e
f4,2,130f
f4,3,1310
f4,4,1311
f4,5,1312
f4,6,1313
f4,7,1314
f4,8,1315
f4,9,1316
f4,10,1317
f4,11,1318
f4,12,1319
f4,13,131a
f4,14,131b
f4,15,131c
f4,16,131d
f4,17,131e
f4,18,131f
f4,19,1320
f4,20,1321
f4,21,1322
f4,22,1323
f4,23,1324
f4,24,1325
f4,25,1326
f4,26,1327
f4,27,1328
f4,28,1329
f4,29,132a
f4,30,132b
f4,31,132c
f4,32,132d
f4,33,132e
f4,34,132f
f4,35,1330
f4,36,1331
f4,37,1332
f4,38,1333
f4,39,1334
f4,40,1335
f4,41,1336
f4,42,1337
f4,43,1338
f4,44,1339
f4,45,133a
f4,46,133b
f4,47,133c
f4,48,133d
f4,49,133e
f4,50,133f
f4,51,1340
f4,52,1341
f4,53,1342
f4,54,1343
f4,55,1344
f4,56,1345
f4,57,1346
f4,58,1347
f4,59,1348
f4,60,1349
f4,61,134a
f4,62,134b
f4,63,134c
f4,64,134d
f4,65,134e
f4,66,134f
f4,67,1350
f4,68,1351
f4,69,1352
f4,70,1353
f4,71,1354
f4,72,1355
f4,73,1356
f4,74,1357
f4,75,1358
f4,76,1359
f4,77,135a
f4,78,135b
f4,79,135c
f4,80,135d
f4,81,135e
f4,82,135f
f4,83,1360
f4,84,1361
f4,85,1362
f4,86,1363
f4,87,1364
f4,88,1365
f4,89,1366
f4,90,1367
f4,91,1368
f4,92,1369
f4,93,136a
f4,94,136b
f4,95,136c
f4,96,136d
f4,97,136e
f4,98,136f
f4,99,1370
f4,100,1371
f4,101,1372
f4,102,1373
f4,103,1374
f4,104,1375
f4,105,1376
f4,106,1377
f4,107,1378
f4,108,1379
f4,109,137a
f4,110,137b
f4,111,137c
f4,112,137d
f4,113,137e
f4,114,137f
f4,115,1380
f4,116,1381
f4,117,1382
f4,118,1383
f4,119,1384
f4,120,1385
f4,121,1386
f4,122,1387
f4,123,1388
f4,124,1389
f4,125,138a
f4,126,138b
f4,127,138c
f4,128,138d
f4,129,138e
f4,130,138f
f4,131,1390
f4,132,1391
f4,133,1392
f4,134,1393
f4,135,1394
f4,136,1395
f4,137,1396
f4,138,1397
f4,139,1398
f4,140,1399
f4,141,139a
f4,142,139b
f4,143,139c
f4,144,139d
f4,145,139e
f4,146,139f
f4,147,13a0
f4,148,13a1
f4,149,13a2
f4,150,13a3
f4,151,13a4
f4,152,13a5
f4,153,13a6
f4,154,13a7
f4,155,13a8
f4,156,13a9
f4,157,13aa
f4,158,13ab
f4,159,13ac
f4,160,13ad
f4,161,13ae
f4,162,13af
f4,163,13b0
f4,164,13b1
f4,165,13b2
f4,166,13b3
f4,167,13b4
f4,168,13b5
f4,169,13b6
f4,170,13b7
f4,171,13b8
f4,172,13b9
f4,173,13ba
f4,174,13bb
f4,175,13bc
f4,176,13bd
f4,177,13be
f4,178,13bf
f4,179,13c0
f4,180,13c1
f4,181,13c2
f4,182,13c3
f4,183,13c4
f4,184,13c5
f4,185,13c6
f4,186,13c7
f4,187,13c8
f4,188,13c9
f4,189,13ca
f4,190,13cb
f4,191,13cc
f4,192,13cd
f4,193,13ce
f4,194,13cf
f4,195,13d0
f4,196,13d1
f4,197,13d2
f4,198,13d3
f4,199,13d4
f4,200,13d5
f4,201,13d6
f4,202,13d7
f4,203,13d8
f4,204,13d9
f4,205,13da
f4,206,13db
f4,207,13dc
f4,208,13dd
f4,209,13de
f4,210,13df
f4,211,13e0
f4,212,13e1
f4,213,13e2
f4,214,13e3
f4,215,13e4
f4,216,13e5
f4,217,13e6
f4,218,13e7
f4,219,13e8
f4,220,13e9
f4,221,13ea
f4,222,13eb
f4,223,13ec
f4,224,13ed
f4,225,13ee
f4,226,13ef
f4,227,13f0
f4,228,13f1
f4,229,13f2
f4,230,13f3
f4,231,13f4
f4,232,13f5
f4,233,13f6
f4,234,13f7
f4,235,13f8
f4,236,13f9
f4,237,13fa
f4,238,13fb
f4,239,13fc
f4,240,13fd
f4,241,13fe
f4,242,13ff
f4,243,1400
f4,244,1401
f4,245,1402
f4,246,1403
f4,247,1404
f4,248,1405
f4,249,1406
f4,250,1407
f4,251,1408
f4,252,1409
f4,253,140a
f4,254,140b
f4,255,140c
f5,0,140d
f5,1,140e
f5,2,140f
f5,3,1410
f5,4,1411
f5,5,1412
f5,6,1413
f5,7,1414
f5,8,1415
f5,9,1416
f5,10,1417
f5,11,1418
f5,12,1419
f5,13,141a
f5,14,141b
f5,15,141c
f5,16,141d
f5,17,141e
f5,18,141f
f5,19,1420
f5,20,1421
f5,21,1422
f5,22,1423
f5,23,1424
f5,24,1425
f5,25,1426
f5,26,1427
f5,27,1428
f5,28,1429
f5,29,142a
f5,30,142b
f5,31,142c
f5,32,142d
f5,33,142e
f5,34,142f
f5,35,1430
f5,36,1431
f5,37,1432
f5,38,1433
f5,39,1434
f5,40,1435
f5,41,1436
f5,42,1437
f5,43,1438
f5,44,1439
f5,45,143a
f5,46,143b
f5,47,143c
f5,48,143d
f5,49,143e
f5,50,143f
f5,51,1440
f5,52,1441
f5,53,1442
f5,54,1443
f5,55,1444
f5,56,1445
f5,57,1446
f5,58,1447
f5,59,1448
f5,60,1449
f5,61,144a
f5,62,144b
f5,63,144c
f5,64,144d
f5,65,144e
f5,66,144f
f5,67,1450
f5,68,1451
f5,69,1452
f5,70,1453
f5,71,1454
f5,72,1455
f5,73,1456
f5,74,1457
f5,75,1458
f5,76,1459
f5,77,145a
f5,78,145b
f5,79,145c
f5,80,145d
f5,81,145e
f5,82,145f
f5,83,1460
f5,84,1461
f5,85,1462
f5,86,1463
f5,87,1464
f5,88,1465
f5,89,1466
f5,90,1467
f5,91,1468
f5,92,1469
f5,93,146a
f5,94,146b
f5,95,146c
f5,96,146d
f5,97,146e
f5,98,146f
f5,99,1470
f5,100,1471
f5,101,1472
f5,102,1473
f5,103,1474
f5,104,1475
f5,105,1476
f5,106,1477
f5,107,1478
f5,108,1479
f5,109,147a
f5,110,147b
f5,111,147c
f5,112,147d
f5,113,147e
f5,114,147f
f5,115,1480
f5,116,1481
f5,117,1482
f5,118,1483
f5,119,1484
f5,120,1485
f5,121,1486
f5,122,1487
f5,123,1488
f5,124,1489
f5,125,148a
f5,126,148b
f5,127,148c
f5,128,148d
f5,129,148e
f5,130,148f
f5,131,1490
f5,132,1491
f5,133,1492
f5,134,1493
f5,135,1494
f5,136,1495
f5,137,1496
f5,138,1497
f5,139,1498
f5,140,1499
f5,141,149a
f5,142,149b
f5,143,149c
f5,144,149d
f5,145,149e
f5,146,149f
f5,147,14a0
f5,148,14a1
f5,149,14a2
f5,150,14a3
f5,151,14a4
f5,152,14a5
f5,153,14a6
f5,154,14a7
f5,155,14a8
f5,156,14a9
f5,157,14aa
f5,158,14ab
f5,159,14ac
f5,160,14ad
f5,161,14ae
f5,162,14af
f5,163,14b0
f5,164,14b1
f5,165,14b2
f5,166,14b3
f5,167,14b4
f5,168,14b5
f5,169,14b6
f5,170,14b7
f5,171,14b8
f5,172,14b9
f5,173,14ba
f5,174,14bb
f5,175,14bc
f5,176,14bd
f5,177,14be
f5,178,14bf
f5,179,14c0
f5,180,14c1
f5,181,14c2
f5,182,14c3
f5,183,14c4
f5,184,14c5
f5,185,14c6
f5,186,14c7
f5,187,14c8
f5,188,14c9
f5,189,14ca
f5,190,14cb
f5,191,14cc
f5,192,14cd
f5,193,14ce
f5,194,14cf
f5,195,14d0
f5,196,14d1
f5,197,14d2
f5,198,14d3
f5,199,14d4
f5,200,14d5
f5,201,14d6
f5,202,14d7
f5,203,14d8
f5,204,14d9
f5,205,14da
f5,206,14db
f5,207,14dc
f5,208,14dd
f5,209,14de
f5,210,14df
f5,211,14e0
f5,212,14e1
f5,213,14e2
f5,214,14e3
f5,215,14e4
f5,216,14e5
f5,217,14e6
f5,218,14e7
f5,219,14e8
f5,220,14e9
f5,221,14ea
f5,222,14eb
f5,223,14ec
f5,224,14ed
f5,225,14ee
f5,226,14ef
f5,227,14f0
f5,228,14f1
f5,229,14f2
f5,230,14f3
f5,231,14f4
f5,232,14f5
f5,233,14f6
f5,234,14f7
f5,235,14f8
f5,236,14f9
f5,237,14fa
f5,238,14fb
f5,239,14fc
f5,240,14fd
f5,241,14fe
f5,242,14ff
f5,243,1500
f5,244,1501
f5,245,1502
f5,246,1503
f5,247,1504
f5,248,1505
f5,249,1506
f5,250,1507
f5,251,1508
f5,252,1509
f5,253,150a
f5,254,150b
f5,255,150c
f6,0,150d
f6,1,150e
f6,2,150f
f6,3,1510
f6,4,1511
f6,5,1512
f6,6,1513
f6,7,1514
f6,8,1515
f6,9,1516
f6,10,1517
f6,11,1518
f6,12,1519
f6,13,151a
f6,14,151b
f6,15,151c
f6,16,151d
f6,17,151e
f6,18,151f
f6,19,1520
f6,20,1521
f6,21,1522
f6,22,1523
f6,23,1524
f6,24,1525
f6,25,1526
f6,26,1527
f6,27,1528
f6,28,1529
f6,29,152a
f6,30,152b
f6,31,152c
f6,32,152d
f6,33,152e
f6,34,152f
f6,35,1530
f6,36,1531
f6,37,1532
f6,38,1533
f6,39,1534
f6,40,1535
f6,41,1536
f6,42,1537
f6,43,1538
f6,44,1539
f6,45,153a
f6,46,153b
f6,47,153c
f6,48,153d
f6,49,153e
f6,50,153f
f6,51,1540
f6,52,1541
f6,53,1542
f6,54,1543
f6,55,1544
f6,56,1545
f6,57,1546
f6,58,1547
f6,59,1548
f6,60,1549
f6,61,154a
f6,62,154b
f6,63,154c
f6,64,154d
f6,65,154e
f6,66,154f
f6,67,1550
f6,68,1551
f6,69,1552
f6,70,1553
f6,71,1554
f6,72,1555
f6,73,1556
f6,74,1557
f6,75,1558
f6,76,1559
f6,77,155a
f6,78,155b
f6,79,155c
f6,80,155d
f6,81,155e
f6,82,155f
f6,83,1560
f6,84,1561
f6,85,1562
f6,86,1563
f6,87,1564
f6,88,1565
f6,89,1566
f6,90,1567
f6,91,1568
f6,92,1569
f6,93,156a
f6,94,156b
f6,95,156c
f6,96,156d
f6,97,156e
f6,98,156f
f6,99,1570
f6,100,1571
f6,101,1572
f6,102,1573
f6,103,1574
f6,104,1575
f6,105,1576
f6,106,1577
f6,107,1578
f6,108,1579
f6,109,157a
f6,110,157b
f6,111,157c
f6,112,157d
f6,113,157e
f6,114,157f
f6,115,1580
f6,116,1581
f6,117,1582
f6,118,1583
f6,119,1584
f6,120,1585
f6,121,1586
f6,122,1587
f6,123,1588
f6,124,1589
f6,125,158a
f6,126,158b
f6,127,158c
f6,128,158d
f6,129,158e
f6,130,158f
f6,131,1590
f6,132,1591
f6,133,1592
f6,134,1593
f6,135,1594
f6,136,1595
f6,137,1596
f6,138,1597
f6,139,1598
f6,140,1599
f6,141,159a
f6,142,159b
f6,143,159c
f6,144,159d
f6,145,159e
f6,146,159f
f6,147,15a0
f6,148,15a1
f6,149,15a2
f6,150,15a3
f6,151,15a4
f6,152,15a5
f6,153,15a6
f6,154,15a7
f6,155,15a8
f6,156,15a9
f6,157,15aa
f6,158,15ab
f6,159,15ac
f6,160,15ad
f6,161,15ae
f6,162,15af
f6,163,15b0
f6,164,15b1
f6,165,15b2
f6,166,15b3
f6,167,15b4
f6,168,15b5
f6,169,15b6
f6,170,15b7
f6,171,15b8
f6,172,15b9
f6,173,15ba
f6,174,15bb
f6,175,15bc
f6,176,15bd
f6,177,15be
f6,178,15bf
f6,179,15c0
f6,180,15c1
f6,181,15c2
f6,182,15c3
f6,183,15c4
f6,184,15c5
f6,185,15c6
f6,186,15c7
f6,187,15c8
f6,188,15c9
f6,189,15ca
f6,190,15cb
f6,191,15cc
f6,192,15cd
f6,193,15ce
f6,194,15cf
f6,195,15d0
f6,196,15d1
f6,197,15d2
f6,198,15d3
f6,199,15d4
f6,200,15d5
f6,201,15d6
f6,202,15d7
f6,203,15d8
f6,204,15d9
f6,205,15da
f6,206,15db
f6,207,15dc
f6,208,15dd
f6,209,15de
f6,210,15df
f6,211,15e0
f6,212,15e1
f6,213,15e2
f6,214,15e3
f6,215,15e4
f6,216,15e5
f6,217,15e6
f6,218,15e7
f6,219,15e8
f6,220,15e9
f6,221,15ea
f6,222,15eb
f6,223,15ec
f6,224,15ed
f6,225,15ee
f6,226,15ef
f6,227,15f0
f6,228,15f1
f6,229,15f2
f6,230,15f3
f6,231,15f4
f6,232,15f5
f6,233,15f6
f6,234,15f7
f6,235,15f8
f6,236,15f9
f6,237,15fa
f6,238,15fb
f6,239,15fc
f6,240,15fd
f6,241,15fe
f6,242,15ff
f6,243,1600
f6,244,1601
f6,245,1602
f6,246,1603
f6,247,1604
f6,248,1605
f6,249,1606
f6,250,1607
f6,251,1608
f6,252,1609
f6,253,160a
f6,254,160b
f6,255,160c
f7,0,160d
f7,1,160e
f7,2,160f
f7,3,1610
f7,4,1611
f7,5,1612
f7,6,1613
f7,7,1614
f7,8,1615
f7,9,1616
f7,10,1617
f7,11,1618
f7,12,1619
f7,13,161a
f7,14,161b
f7,15,161c
f7,16,161d
f7,17,161e
f7,18,161f
f7,19,1620
f7,20,1621
f7,21,1622
f7,22,1623
f7,23,1624
f7,24,1625
f7,25,1626
f7,26,1627
f7,27,1628
f7,28,1629
f7,29,162a
f7,30,162b
f7,31,162c
f7,32,162d
f7,33,162e
f7,34,162f
f7,35,1630
f7,36,1631
f7,37,1632
f7,38,1633
f7,39,1634
f7,40,1635
f7,41,1636
f7,42,1637
f7,43,1638
f7,44,1639
f7,45,163a
f7,46,163b
f7,47,163c
f7,48,163d
f7,49,163e
f7,50,163f
f7,51,1640
f7,52,1641
f7,53,1642
f7,54,1643
f7,55,1644
f7,56,1645
f7,57,1646
f7,58,1647
f7,59,1648
f7,60,1649
f7,61,164a
f7,62,164b
f7,63,164c
f7,64,164d
f7,65,164e
f7,66,164f
f7,67,1650
f7,68,1651
f7,69,1652
f7,70,1653
f7,71,1654
f7,72,1655
f7,73,1656
f7,74,1657
f7,75,1658
f7,76,1659
f7,77,165a
f7,78,165b
f7,79,165c
f7,80,165d
f7,81,165e
f7,82,165f
f7,83,1660
f7,84,1661
f7,85,1662
f7,86,1663
f7,87,1664
f7,88,1665
f7,89,1666
f7,90,1667
f7,91,1668
f7,92,1669
f7,93,166a
f7,94,166b
f7,95,166c
f7,96,166d
f7,97,166e
f7,98,166f
f7,99,1670
f7,100,1671
f7,101,1672
f7,102,1673
f7,103,1674
f7,104,1675
f7,105,1676
f7,106,1677
f7,107,1678
f7,108,1679
f7,109,167a
f7,110,167b
f7,111,167c
f7,112,167d
f7,113,167e
f7,114,167f
f7,115,1680
f7,116,1681
f7,117,1682
f7,118,1683
f7,119,1684
f7,120,1685
f7,121,1686
f7,122,1687
f7,123,1688
f7,124,1689
f7,125,168a
f7,126,168b
f7,127,168c
f7,128,168d
f7,129,168e
f7,130,168f
f7,131,1690
f7,132,1691
f7,133,1692
f7,134,1693
f7,135,1694
f7,136,1695
f7,137,1696
f7,138,1697
f7,139,1698
f7,140,1699
f7,141,169a
f7,142,169b
f7,143,169c
f7,144,169d
f7,145,169e
f7,146,169f
f7,147,16a0
f7,148,16a1
f7,149,16a2
f7,150,16a3
f7,151,16a4
f7,152,16a5
f7,153,16a6
f7,154,16a7
f7,155,16a8
f7,156,16a9
f7,157,16aa
f7,158,16ab
f7,159,16ac
f7,160,16ad
f7,161,16ae
f7,162,16af
f7,163,16b0
f7,164,16b1
f7,165,16b2
f7,166,16b3
f7,167,16b4
f7,168,16b5
f7,169,16b6
f7,170,16b7
f7,171,16b8
f7,172,16b9
f7,173,16ba
f7,174,16bb
f7,175,16bc
f7,176,16bd
f7,177,16be
f7,178,16bf
f7,179,16c0
f7,180,16c1
f7,181,16c2
f7,182,16c3
f7,183,16c4
f7,184,16c5
f7,185,16c6
f7,186,16c7
f7,187,16c8
f7,188,16c9
f7,189,16ca
f7,190,16cb
f7,191,16cc
f7,192,16cd
f7,193,16ce
f7,194,16cf
f7,195,16d0
f7,196,16d1
f7,197,16d2
f7,198,16d3
f7,199,16d4
f7,200,16d5
f7,201,16d6
f7,202,16d7
f7,203,16d8
f7,204,16d9
f7,205,16da
f7,206,16db
f7,207,16dc
f7,208,16dd
f7,209,16de
f7,210,16df
f7,211,16e0
f7,212,16e1
f7,213,16e2
f7,214,16e3
f7,215,16e4
f7,216,16e5
f7,217,16e6
f7,218,16e7
f7,219,16e8
f7,220,16e9
f7,221,16ea
f7,222,16eb
f7,223,16ec
f7,224,16ed
f7,225,16ee
f7,226,16ef
f7,227,16f0
f7,228,16f1
f7,229,16f2
f7,230,16f3
f7,231,16f4
f7,232,16f5
f7,233,16f6
f7,234,16f7
f7,235,16f8
f7,236,16f9
f7,237,16fa
f7,238,16fb
f7,239,16fc
f7,240,16fd
f7,241,16fe
f7,242,16ff
f7,243,1700
f7,244,1701
f7,245,1702
f7,246,1703
f7,247,1704
f7,248,1705
f7,249,1706
f7,250,1707
f7,251,1708
f7,252,1709
f7,253,170a
f7,254,170b
f7,255,170c
f8,0,170d
f8,1,170e
f8,2,170f
f8,3,1710
f8,4,1711
f8,5,1712
f8,6,1713
f8,7,1714
f8,8,1715
f8,9,1716
f8,10,1717
f8,11,1718
f8,12,1719
f8,13,171a
f8,14,171b
f8,15,171c
f8,16,171d
f8,17,171e
f8,18,171f
f8,19,1720
f8,20,1721
f8,21,1722
f8,22,1723
f8,23,1724
f8,24,1725
f8,25,1726
f8,26,1727
f8,27,1728
f8,28,1729
f8,29,172a
f8,30,172b
f8,31,172c
f8,32,172d
f8,33,172e
f8,34,172f
f8,35,1730
f8,36,1731
f8,37,1732
f8,38,1733
f8,39,1734
f8,40,1735
f8,41,1736
f8,42,1737
f8,43,1738
f8,44,1739
f8,45,173a
f8,46,173b
f8,47,173c
f8,48,173d
f8,49,173e
f8,50,173f
f8,51,1740
f8,52,1741
f8,53,1742
f8,54,1743
f8,55,1744
f8,56,1745
f8,57,1746
f8,58,1747
f8,59,1748
f8,60,1749
f8,61,174a
f8,62,174b
f8,63,174c
f8,64,174d
f8,65,174e
f8,66,174f
f8,67,1750
f8,68,1751
f8,69,1752
f8,70,1753
f8,71,1754
f8,72,1755
f8,73,1756
f8,74,1757
f8,75,1758
f8,76,1759
f8,77,175a
f8,78,175b
f8,79,175c
f8,80,175d
f8,81,175e
f8,82,175f
f8,83,1760
f8,84,1761
f8,85,1762
f8,86,1763
f8,87,1764
f8,88,1765
f8,89,1766
f8,90,1767
f8,91,1768
f8,92,1769
f8,93,176a
f8,94,176b
f8,95,176c
f8,96,176d
f8,97,176e
f8,98,176f
f8,99,1770
f8,100,1771
f8,101,1772
f8,102,1773
f8,103,1774
f8,104,1775
f8,105,1776
f8,106,1777
f8,107,1778
f8,108,1779
f8,109,177a
f8,110,177b
f8,111,177c
f8,112,177d
f8,113,177e
f8,114,177f
f8,115,1780
f8,116,1781
f8,117,1782
f8,118,1783
f8,119,1784
f8,120,1785
f8,121,1786
f8,122,1787
f8,123,1788
f8,124,1789
f8,125,178a
f8,126,178b
f8,127,178c
f8,128,178d
f8,129,178e
f8,130,178f
f8,131,1790
f8,132,1791
f8,133,1792
f8,134,1793
f8,135,1794
f8,136,1795
f8,137,1796
f8,138,1797
f8,139,1798
f8,140,1799
f8,141,179a
f8,142,179b
f8,143,179c
f8,144,179d
f8,145,179e
f8,146,179f
f8,147,17a0
f8,148,17a1
f8,149,17a2
f8,150,17a3
f8,151,17a4
f8,152,17a5
f8,153,17a6
f8,154,17a7
f8,155,17a8
f8,156,17a9
f8,157,17aa
f8,158,17ab
f8,159,17ac
f8,160,17ad
f8,161,17ae
f8,162,17af
f8,163,17b0
f8,164,17b1
f8,165,17b2
f8,166,17b3
f8,167,17b4
f8,168,17b5
f8,169,17b6
f8,170,17b7
f8,171,17b8
f8,172,17b9
f8,173,17ba
f8,174,17bb
f8,175,17bc
f8,176,17bd
f8,177,17be
f8,178,17bf
f8,179,17c0
f8,180,17c1
f8,181,17c2
f8,182,17c3
f8,183,17c4
f8,184,17c5
f8,185,17c6
f8,186,17c7
f8,187,17c8
f8,188,17c9
f8,189,17ca
f8,190,17cb
f8,191,17cc
f8,192,17cd
f8,193,17ce
f8,194,17cf
f8,195,17d0
f8,196,17d1
f8,197,17d2
f8,198,17d3
f8,199,17d4
f8,200,17d5
f8,201,17d6
f8,202,17d7
f8,203,17d8
f8,204,17d9
f8,205,17da
f8,206,17db
f8,207,17dc
f8,208,17dd
f8,209,17de
f8,210,17df
f8,211,17e0
f8,212,17e1
f8,213,17e2
f8,214,17e3
f8,215,17e4
f8,216,17e5
f8,217,17e6
f8,218,17e7
f8,219,17e8
f8,220,17e9
f8,221,17ea
f8,222,17eb
f8,223,17ec
f8,224,17ed
f8,225,17ee
f8,226,17ef
f8,227,17f0
f8,228,17f1
f8,229,17f2
f8,230,17f3
f8,231,17f4
f8,232,17f5
f8,233,17f6
f8,234,17f7
f8,235,17f8
f8,236,17f9
f8,237,17fa
f8,238,17fb
f8,239,17fc
f8,240,17fd
f8,241,17fe
f8,242,17ff
f8,243,1800
f8,244,1801
f8,245,1802
f8,246,1803
f8,247,1804
f8,248,1805
f8,249,1806
f8,250,1807
f8,251,1808
f8,252,1809
f8,253,180a
f8,254,180b
f8,255,180c
f9,0,180d
f9,1,180e
f9,2,180f
f9,3,1810
f9,4,1811
f9,5,1812
f9,6,1813
f9,7,1814
f9,8,1815
f9,9,1816
f9,10,1817
f9,11,1818
f9,12,1819
f9,13,181a
f9,14,181b
f9,15,181c
f9,16,181d
f9,17,181e
f9,18,181f
f9,19,1820
f9,20,1821
f9,21,1822
f9,22,1823
f9,23,1824
f9,24,1825
f9,25,1826
f9,26,1827
f9,27,1828
f9,28,1829
f9,29,182a
f9,30,182b
f9,31,182c
f9,32,182d
f9,33,182e
f9,34,182f
f9,35,1830
f9,36,1831
f9,37,1832
f9,38,1833
f9,39,1834
f9,40,1835
f9,41,1836
f9,42,1837
f9,43,1838
f9,44,1839
f9,45,183a
f9,46,183b
f9,47,183c
f9,48,183d
f9,49,183e
f9,50,183f
f9,51,1840
f9,52,1841
f9,53,1842
f9,54,1843
f9,55,1844
f9,56,1845
f9,57,1846
f9,58,1847
f9,59,1848
f9,60,1849
f9,61,184a
f9,62,184b
f9,63,184c
f9,64,184d
f9,65,184e
f9,66,184f
f9,67,1850
f9,68,1851
f9,69,1852
f9,70,1853
f9,71,1854
f9,72,1855
f9,73,1856
f9,74,1857
f9,75,1858
f9,76,1859
f9,77,185a
f9,78,185b
f9,79,185c
f9,80,185d
f9,81,185e
f9,82,185f
f9,83,1860
f9,84,1861
f9,85,1862
f9,86,1863
f9,87,1864
f9,88,1865
f9,89,1866
f9,90,1867
f9,91,1868
f9,92,1869
f9,93,186a
f9,94,186b
f9,95,186c
f9,96,186d
f9,97,186e
f9,98,186f
f9,99,1870
f9,100,1871
f9,101,1872
f9,102,1873
f9,103,1874
f9,104,1875
f9,105,1876
f9,106,1877
f9,107,1878
f9,108,1879
f9,109,187a
f9,110,187b
f9,111,187c
f9,112,187d
f9,113,187e
f9,114,187f
f9,115,1880
f9,116,1881
f9,117,1882
f9,118,1883
f9,119,1884
f9,120,1885
f9,121,1886
f9,122,1887
f9,123,1888
f9,124,1889
f9,125,188a
f9,126,188b
f9,127,188c
f9,128,188d
f9,129,188e
f9,130,188f
f9,131,1890
f9,132,1891
f9,133,1892
f9,134,1893
f9,135,1894
f9,136,1895
f9,137,1896
f9,138,1897
f9,139,1898
f9,140,1899
f9,141,189a
f9,142,189b
f9,143,189c
f9,144,189d
f9,145,189e
f9,146,189f
f9,147,18a0
f9,148,18a1
f9,149,18a2
f9,150,18a3
f9,151,18a4
f9,152,18a5
f9,153,18a6
f9,154,18a7
f9,155,18a8
f9,156,18a9
f9,157,18aa
f9,158,18ab
f9,159,18ac
f9,160,18ad
f9,161,18ae
f9,162,18af
f9,163,18b0
f9,164,18b1
f9,165,18b2
f9,166,18b3
f9,167,18b4
f9,168,18b5
f9,169,18b6
f9,170,18b7
f9,171,18b8
f9,172,18b9
f9,173,18ba
f9,174,18bb
f9,175,18bc
f9,176,18bd
f9,177,18be
f9,178,18bf
f9,179,18c0
f9,180,18c1
f9,181,18c2
f9,182,18c3
f9,183,18c4
f9,184,18c5
f9,185,18c6
f9,186,18c7
f9,187,18c8
f9,188,18c9
f9,189,18ca
f9,190,18cb
f9,191,18cc
f9,192,18cd
f9,193,18ce
f9,194,18cf
f9,195,18d0
f9,196,18d1
f9,197,18d2
f9,198,18d3
f9,199,18d4
f9,200,18d5
f9,201,18d6
f9,202,18d7
f9,203,18d8
f9,204,18d9
f9,205,18da
f9,206,18db
f9,207,18dc
f9,208,18dd
f9,209,18de
f9,210,18df
f9,211,18e0
f9,212,18e1
f9,213,18e2
f9,214,18e3
f9,215,18e4
f9,216,18e5
f9,217,18e6
f9,218,18e7
f9,219,18e8
f9,220,18e9
f9,221,18ea
f9,222,18eb
f9,223,18ec
f9,224,18ed
f9,225,18ee
f9,226,18ef
f9,227,18f0
f9,228,18f1
f9,229,18f2
f9,230,18f3
f9,231,18f4
f9,232,18f5
f9,233,18f6
f9,234,18f7
f9,235,18f8
f9,236,18f9
f9,237,18fa
f9,238,18fb
f9,239,18fc
f9,240,18fd
f9,241,18fe
f9,242,18ff
f9,243,1900
f9,244,1901
f9,245,1902
f9,246,1903
f9,247,1904
f9,248,1905
f9,249,1906
f9,250,1907
f9,251,1908
f9,252,1909
f9,253,190a
f9,254,190b
f9,255,190c
fa,0,190d
fa,1,190e
fa,2,190f
fa,3,1910
fa,4,1911
fa,5,1912
fa,6,1913
fa,7,1914
fa,8,1915
fa,9,1916
fa,10,1917
fa,11,1918
fa,12,1919
fa,13,191a
fa,14,191b
fa,15,191c
fa,16,191d
fa,17,191e
fa,18,191f
fa,19,1920
fa,20,1921
fa,21,1922
fa,22,1923
fa,23,1924
fa,24,1925
fa,25,1926
fa,26,1927
fa,27,1928
fa,28,1929
fa,29,192a
fa,30,192b
fa,31,192c
fa,32,192d
fa,33,192e
fa,34,192f
fa,35,1930
fa,36,1931
fa,37,1932
fa,38,1933
fa,39,1934
fa,40,1935
fa,41,1936
fa,42,1937
fa,43,1938
fa,44,1939
fa,45,193a
fa,46,193b
fa,47,193c
fa,48,193d
fa,49,193e
fa,50,193f
fa,51,1940
fa,52,1941
fa,53,1942
fa,54,1943
fa,55,1944
fa,56,1945
fa,57,1946
fa,58,1947
fa,59,1948
fa,60,1949
fa,61,194a
fa,62,194b
fa,63,194c
fa,64,194d
fa,65,194e
fa,66,194f
fa,67,1950
fa,68,1951
fa,69,1952
fa,70,1953
fa,71,1954
fa,72,1955
fa,73,1956
fa,74,1957
fa,75,1958
fa,76,1959
fa,77,195a
fa,78,195b
fa,79,195c
fa,80,195d
fa,81,195e
fa,82,195f
fa,83,1960
fa,84,1961
fa,85,1962
fa,86,1963
fa,87,1964
fa,88,1965
fa,89,1966
fa,90,1967
fa,91,1968
fa,92,1969
fa,93,196a
fa,94,196b
fa,95,196c
fa,96,196d
fa,97,196e
fa,98,196f
fa,99,1970
fa,100,1971
fa,101,1972
fa,102,1973
fa,103,1974
fa,104,1975
fa,105,1976
fa,106,1977
fa,107,1978
fa,108,1979
fa,109,197a
fa,110,197b
fa,111,197c
fa,112,197d
fa,113,197e
fa,114,197f
fa,115,1980
fa,116,1981
fa,117,1982
fa,118,1983
fa,119,1984
fa,120,1985
fa,121,1986
fa,122,1987
fa,123,1988
fa,124,1989
fa,125,198a
fa,126,198b
fa,127,198c
fa,128,198d
fa,129,198e
fa,130,198f
fa,131,1990
fa,132,1991
fa,133,1992
fa,134,1993
fa,135,1994
fa,136,1995
fa,137,1996
fa,138,1997
fa,139,1998
fa,140,1999
fa,141,199a
fa,142,199b
fa,143,199c
fa,144,199d
fa,145,199e
fa,146,199f
fa,147,19a0
fa,148,19a1
fa,149,19a2
fa,150,19a3
fa,151,19a4
fa,152,19a5
fa,153,19a6
fa,154,19a7
fa,155,19a8
fa,156,19a9
fa,157,19aa
fa,158,19ab
fa,159,19ac
fa,160,19ad
fa,161,19ae
fa,162,19af
fa,163,19b0
fa,164,19b1
fa,165,19b2
fa,166,19b3
fa,167,19b4
fa,168,19b5
fa,169,19b6
fa,170,19b7
fa,171,19b8
fa,172,19b9
fa,173,19ba
fa,174,19bb
fa,175,19bc
fa,176,19bd
fa,177,19be
fa,178,19bf
fa,179,19c0
fa,180,19c1
fa,181,19c2
fa,182,19c3
fa,183,19c4
fa,184,19c5
fa,185,19c6
fa,186,19c7
fa,187,19c8
fa,188,19c9
fa,189,19ca
fa,190,19cb
fa,191,19cc
fa,192,19cd
fa,193,19ce
fa,194,19cf
fa,195,19d0
fa,196,19d1
fa,197,19d2
fa,198,19d3
fa,199,19d4
fa,200,19d5
fa,201,19d6
fa,202,19d7
fa,203,19d8
fa,204,19d9
fa,205,19da
fa,206,19db
fa,207,19dc
fa,208,19dd
fa,209,19de
fa,210,19df
fa,211,19e0
fa,212,19e1
fa,213,19e2
fa,214,19e3
fa,215,19e4
fa,216,19e5
fa,217,19e6
fa,218,19e7
fa,219,19e8
fa,220,19e9
fa,221,19ea
fa,222,19eb
fa,223,19ec
fa,224,19ed
fa,225,19ee
fa,226,19ef
fa,227,19f0
fa,228,19f1
fa,229,19f2
fa,230,19f3
fa,231,19f4
fa,232,19f5
fa,233,19f6
fa,234,19f7
fa,235,19f8
fa,236,19f9
fa,237,19fa
fa,238,19fb
fa,239,19fc
fa,240,19fd
fa,241,19fe
fa,242,19ff
fa,243,1a00
fa,244,1a01
fa,245,1a02
fa,246,1a03
fa,247,1a04
fa,248,1a05
fa,249,1a06
fa,250,1a07
fa,251,1a08
fa,252,1a09
fa,253,1a0a
fa,254,1a0b
fa,255,1a0c
fb,0,1a0d
fb,1,1a0e
fb,2,1a0f
fb,3,1a10
fb,4,1a11
fb,5,1a12
fb,6,1a13
fb,7,1a14
fb,8,1a15
fb,9,1a16
fb,10,1a17
fb,11,1a18
fb,12,1a19
fb,13,1a1a
fb,14,1a1b
fb,15,1a1c
fb,16,1a1d
fb,17,1a1e
fb,18,1a1f
fb,19,1a20
fb,20,1a21
fb,21,1a22
fb,22,1a23
fb,23,1a24
fb,24,1a25
fb,25,1a26
fb,26,1a27
fb,27,1a28
fb,28,1a29
fb,29,1a2a
fb,30,1a2b
fb,31,1a2c
fb,32,1a2d
fb,33,1a2e
fb,34,1a2f
fb,35,1a30
fb,36,1a31
fb,37,1a32
fb,38,1a33
fb,39,1a34
fb,40,1a35
fb,41,1a36
fb,42,1a37
fb,43,1a38
fb,44,1a39
fb,45,1a3a
fb,46,1a3b
fb,47,1a3c
fb,48,1a3d
fb,49,1a3e
fb,50,1a3f
fb,51,1a40
fb,52,1a41
fb,53,1a42
fb,54,1a43
fb,55,1a44
fb,56,1a45
fb,57,1a46
fb,58,1a47
fb,59,1a48
fb,60,1a49
fb,61,1a4a
fb,62,1a4b
fb,63,1a4c
fb,64,1a4d
fb,65,1a4e
fb,66,1a4f
fb,67,1a50
fb,68,1a51
fb,69,1a52
fb,70,1a53
fb,71,1a54
fb,72,1a55
fb,73,1a56
fb,74,1a57
fb,75,1a58
fb,76,1a59
fb,77,1a5a
fb,78,1a5b
fb,79,1a5c
fb,80,1a5d
fb,81,1a5e
fb,82,1a5f
fb,83,1a60
fb,84,1a61
fb,85,1a62
fb,86,1a63
fb,87,1a64
fb,88,1a65
fb,89,1a66
fb,90,1a67
fb,91,1a68
fb,92,1a69
fb,93,1a6a
fb,94,1a6b
fb,95,1a6c
fb,96,1a6d
fb,97,1a6e
fb,98,1a6f
fb,99,1a70
fb,100,1a71
fb,101,1a72
fb,102,1a73
fb,103,1a74
fb,104,1a75
fb,105,1a76
fb,106,1a77
fb,107,1a78
fb,108,1a79
fb,109,1a7a
fb,110,1a7b
fb,111,1a7c
fb,112,1a7d
fb,113,1a7e
fb,114,1a7f
fb,115,1a80
fb,116,1a81
fb,117,1a82
fb,118,1a83
fb,119,1a84
fb,120,1a85
fb,121,1a86
fb,122,1a87
fb,123,1a88
fb,124,1a89
fb,125,1a8a
fb,126,1a8b
fb,127,1a8c
fb,128,1a8d
fb,129,1a8e
fb,130,1a8f
fb,131,1a90
fb,132,1a91
fb,133,1a92
fb,134,1a93
fb,135,1a94
fb,136,1a95
fb,137,1a96
fb,138,1a97
fb,139,1a98
fb,140,1a99
fb,141,1a9a
fb,142,1a9b
fb,143,1a9c
fb,144,1a9d
fb,145,1a9e
fb,146,1a9f
fb,147,1aa0
fb,148,1aa1
fb,149,1aa2
fb,150,1aa3
fb,151,1aa4
fb,152,1aa5
fb,153,1aa6
fb,154,1aa7
fb,155,1aa8
fb,156,1aa9
fb,157,1aaa
fb,158,1aab
fb,159,1aac
fb,160,1aad
fb,161,1aae
fb,162,1aaf
fb,163,1ab0
fb,164,1ab1
fb,165,1ab2
fb,166,1ab3
fb,167,1ab4
fb,168,1ab5
fb,169,1ab6
fb,170,1ab7
fb,171,1ab8
fb,172,1ab9
fb,173,1aba
fb,174,1abb
fb,175,1abc
fb,176,1abd
fb,177,1abe
fb,178,1abf
fb,179,1ac0
fb,180,1ac1
fb,181,1ac2
fb,182,1ac3
fb,183,1ac4
fb,184,1ac5
fb,185,1ac6
fb,186,1ac7
fb,187,1ac8
fb,188,1ac9
fb,189,1aca
fb,190,1acb
fb,191,1acc
fb,192,1acd
fb,193,1ace
fb,194,1acf
fb,195,1ad0
fb,196,1ad1
fb,197,1ad2
fb,198,1ad3
fb,199,1ad4
fb,200,1ad5
fb,201,1ad6
fb,202,1ad7
fb,203,1ad8
fb,204,1ad9
fb,205,1ada
fb,206,1adb
fb,207,1adc
fb,208,1add
fb,209,1ade
fb,210,1adf
fb,211,1ae0
fb,212,1ae1
fb,213,1ae2
fb,214,1ae3
fb,215,1ae4
fb,216,1ae5
fb,217,1ae6
fb,218,1ae7
fb,219,1ae8
fb,220,1ae9
fb,221,1aea
fb,222,1aeb
fb,223,1aec
fb,224,1aed
fb,225,1aee
fb,226,1aef
fb,227,1af0
fb,228,1af1
fb,229,1af2
fb,230,1af3
fb,231,1af4
fb,232,1af5
fb,233,1af6
fb,234,1af7
fb,235,1af8
fb,236,1af9
fb,237,1afa
fb,238,1afb
fb,239,1afc
fb,240,1afd
fb,241,1afe
fb,242,1aff
fb,243,1b00
fb,244,1b01
fb,245,1b02
fb,246,1b03
fb,247,1b04
fb,248,1b05
fb,249,1b06
fb,250,1b07
fb,251,1b08
fb,252,1b09
fb,253,1b0a
fb,254,1b0b
fb,255,1b0c
fc,0,1b0d
fc,1,1b0e
fc,2,1b0f
fc,3,1b10
fc,4,1b11
fc,5,1b12
fc,6,1b13
fc,7,1b14
fc,8,1b15
fc,9,1b16
fc,10,1b17
fc,11,1b18
fc,12,1b19
fc,13,1b1a
fc,14,1b1b
fc,15,1b1c
fc,16,1b1d
fc,17,1b1e
fc,18,1b1f
fc,19,1b20
fc,20,1b21
fc,21,1b22
fc,22,1b23
fc,23,1b24
fc,24,1b25
fc,25,1b26
fc,26,1b27
fc,27,1b28
fc,28,1b29
fc,29,1b2a
fc,30,1b2b
fc,31,1b2c
fc,32,1b2d
fc,33,1b2e
fc,34,1b2f
fc,35,1b30
fc,36,1b31
fc,37,1b32
fc,38,1b33
fc,39,1b34
fc,40,1b35
fc,41,1b36
fc,42,1b37
fc,43,1b38
fc,44,1b39
fc,45,1b3a
fc,46,1b3b
fc,47,1b3c
fc,48,1b3d
fc,49,1b3e
fc,50,1b3f
fc,51,1b40
fc,52,1b41
fc,53,1b42
fc,54,1b43
fc,55,1b44
fc,56,1b45
fc,57,1b46
fc,58,1b47
fc,59,1b48
fc,60,1b49
fc,61,1b4a
fc,62,1b4b
fc,63,1b4c
fc,64,1b4d
fc,65,1b4e
fc,66,1b4f
fc,67,1b50
fc,68,1b51
fc,69,1b52
fc,70,1b53
fc,71,1b54
fc,72,1b55
fc,73,1b56
fc,74,1b57
fc,75,1b58
fc,76,1b59
fc,77,1b5a
fc,78,1b5b
fc,79,1b5c
fc,80,1b5d
fc,81,1b5e
fc,82,1b5f
fc,83,1b60
fc,84,1b61
fc,85,1b62
fc,86,1b63
fc,87,1b64
fc,88,1b65
fc,89,1b66
fc,90,1b67
fc,91,1b68
fc,92,1b69
fc,93,1b6a
fc,94,1b6b
fc,95,1b6c
fc,96,1b6d
fc,97,1b6e
fc,98,1b6f
fc,99,1b70
fc,100,1b71
fc,101,1b72
fc,102,1b73
fc,103,1b74
fc,104,1b75
fc,105,1b76
fc,106,1b77
fc,107,1b78
fc,108,1b79
fc,109,1b7a
fc,110,1b7b
fc,111,1b7c
fc,112,1b7d
fc,113,1b7e
fc,114,1b7f
fc,115,1b80
fc,116,1b81
fc,117,1b82
fc,118,1b83
fc,119,1b84
fc,120,1b85
fc,121,1b86
fc,122,1b87
fc,123,1b88
fc,124,1b89
fc,125,1b8a
fc,126,1b8b
fc,127,1b8c
fc,128,1b8d
fc,129,1b8e
fc,130,1b8f
fc,131,1b90
fc,132,1b91
fc,133,1b92
fc,134,1b93
fc,135,1b94
fc,136,1b95
fc,137,1b96
fc,138,1b97
fc,139,1b98
fc,140,1b99
fc,141,1b9a
fc,142,1b9b
fc,143,1b9c
fc,144,1b9d
fc,145,1b9e
fc,146,1b9f
fc,147,1ba0
fc,148,1ba1
fc,149,1ba2
fc,150,1ba3
fc,151,1ba4
fc,152,1ba5
fc,153,1ba6
fc,154,1ba7
fc,155,1ba8
fc,156,1ba9
fc,157,1baa
fc,158,1bab
fc,159,1bac
fc,160,1bad
fc,161,1bae
fc,162,1baf
fc,163,1bb0
fc,164,1bb1
fc,165,1bb2
fc,166,1bb3
fc,167,1bb4
fc,168,1bb5
fc,169,1bb6
fc,170,1bb7
fc,171,1bb8
fc,172,1bb9
fc,173,1bba
fc,174,1bbb
fc,175,1bbc
fc,176,1bbd
fc,177,1bbe
fc,178,1bbf
fc,179,1bc0
fc,180,1bc1
fc,181,1bc2
fc,182,1bc3
fc,183,1bc4
fc,184,1bc5
fc,185,1bc6
fc,186,1bc7
fc,187,1bc8
fc,188,1bc9
fc,189,1bca
fc,190,1bcb
fc,191,1bcc
fc,192,1bcd
fc,193,1bce
fc,194,1bcf
fc,195,1bd0
fc,196,1bd1
fc,197,1bd2
fc,198,1bd3
fc,199,1bd4
fc,200,1bd5
fc,201,1bd6
fc,202,1bd7
fc,203,1bd8
fc,204,1bd9
fc,205,1bda
fc,206,1bdb
fc,207,1bdc
fc,208,1bdd
fc,209,1bde
fc,210,1bdf
fc,211,1be0
fc,212,1be1
fc,213,1be2
fc,214,1be3
fc,215,1be4
fc,216,1be5
fc,217,1be6
fc,218,1be7
fc,219,1be8
fc,220,1be9
fc,221,1bea
fc,222,1beb
fc,223,1bec
fc,224,1bed
fc,225,1bee
fc,226,1bef
fc,227,1bf0
fc,228,1bf1
fc,229,1bf2
fc,230,1bf3
fc,231,1bf4
fc,232,1bf5
fc,233,1bf6
fc,234,1bf7
fc,235,1bf8
fc,236,1bf9
fc,237,1bfa
fc,238,1bfb
fc,239,1bfc
fc,240,1bfd
fc,241,1bfe
fc,242,1bff
fc,243,1c00
